ULIKey,Address,Village,County,Model,Price,Bedrooms,Baths,SquareFeet,Garage,Pool,Latitude,Longitude,Status,SaleType,YouTubeVideoId,VLSNumber
S750.59,5087 NE 121ST AVE,Bison Valley - Family Neighborhood,Sumter,Whispering Pine,399711,3,2,1839,"2 Car, plus Golf Car Garage",,28.93209705,-82.01902161,A,P,,251055
S971.16,675 TOQUERO ST,Haciendas of Mission Hills,Sumter,Charlotte,424900,3,2,1518,"1 Car, plus Golf Car Garage",,28.91963142,-81.96598837,A,P,,250880
S971.29,627 ARRUDA TER,Haciendas of Mission Hills,Sumter,Charlotte,497711,3,2,1416,"1 Car, plus Golf Car Garage",,28.91825073,-81.96561176,A,P,,250457
S971.128,646 AVECILLA DR,Haciendas of Mission Hills,Sumter,Wyndham,725000,3,2,1871,2 Car Garage,,28.9170139,-81.96507305,A,P,,250836
S971.141,720 AVECILLA DR,Haciendas of Mission Hills,Sumter,Fairmont,699000,3,2,1638,2 Car Garage,,28.91737191,-81.96722553,A,P,qy5Llk-Xx4M,250709
S971.165,598 OSADA AVE,Haciendas of Mission Hills,Sumter,Wyndham,534000,3,2,1715,2 Car Garage,,28.91906292,-81.96651687,A,P,,250036
S1M.61,7431 PRIDDY WAY,Middleton - Family Neighborhood,Sumter,Four Square,429000,4,3,2156,2 Car Garage,,28.75291023,-82.01845884,A,P,tlMiR7VVLTU,250465
S1M.112,7583 CHASTAIN CIR,Middleton - Family Neighborhood,Sumter,Hopscotch,299000,3,2,1295,,,28.74940311,-82.01793949,A,P,,250206
S1M.176,7591 MERGAERT LN,Middleton - Family Neighborhood,Sumter,The Herd,469000,4,2,2058,"2 Car, plus Golf Car Garage",,28.74867522,-82.01882896,A,P,,250587
S1M.212,2570 SKOBLICKI ST,Middleton - Family Neighborhood,Sumter,The Herd,449900,4,2,2002,"2 Car, plus Golf Car Garage",,28.7499421,-82.01882856,A,P,,250867
S2M.6,7670 PRIDDY WAY,Middleton - Family Neighborhood,Sumter,Double Play,789000,5,3.5,2993,"2 Car, plus Golf Car Garage",,28.74759788,-82.02243426,A,P,,251107
S2M.16,2655 CLEVELAND PL,Middleton - Family Neighborhood,Sumter,Fast Break,499000,3,3,2014,2 Car Garage,,28.74722749,-82.0203407,A,P,,250810
S2M.143,2730 ALDER AVE,Middleton - Family Neighborhood,Sumter,Four Square,569900,4,3,2156,2 Car Garage,Swimming Pool,28.74615118,-82.0248375,A,P,,250517
S2M.158,2791 FLOWERS ST,Middleton - Family Neighborhood,Sumter,Follow the Leader,229900,2,2,975,"1 Car, plus Golf Car Garage",,28.74871392,-82.02483615,A,P,,251127
S3M.51,7832 GERSHANECK CIR,Middleton - Family Neighborhood,Sumter,Home Run II,729316,4,3.5,3618,2 Car Garage,,28.74251418,-82.01214398,A,P,,251020
S3M.54,7846 GERSHANECK CIR,Middleton - Family Neighborhood,Sumter,End Zone,599990,4,3,2312,"2 Car, plus Golf Car Garage",,28.74210531,-82.01260184,A,P,,250515
S4M.5,7402 JELANI WAY,Middleton - Family Neighborhood,Sumter,Love,550000,3,3,1998,"2 Car, plus Golf Car Garage",,28.75340752,-82.01516945,A,P,AauFO7sSkuo,250576
S4M.19,7366 CATINAZZO CT,Middleton - Family Neighborhood,Sumter,Follow the Leader,260000,2,2,975,"1 Car, plus Golf Car Garage",,28.75431784,-82.01705847,A,P,,251132
S4M.20,7362 CATINAZZO CT,Middleton - Family Neighborhood,Sumter,Farmer in the Dell,229000,2,2,1031,"1 Car, plus Golf Car Garage",,28.75441244,-82.01714208,A,P,,251001
S4M.49,2435 GILLARD WAY,Middleton - Family Neighborhood,Sumter,Farmer in the Dell,225000,2,2,1031,"1 Car, plus Golf Car Garage",,28.75554615,-82.01485848,A,P,5QxU8vMNwYc,250984
S4M.212,2316 HOBKIRK LOOP,Middleton - Family Neighborhood,Sumter,Farmer in the Dell,222500,2,2,1041,"1 Car, plus Golf Car Garage",,28.7549294,-82.01271278,A,P,gYrn4dq4-xk,250589
S5M.283,2206 MANSELL PATH,Middleton - Family Neighborhood,Sumter,Follow the Leader,224900,2,2,975,"1 Car, plus Golf Car Garage",,28.75161633,-82.00797519,A,P,Nr1l6DVcON8,250895
S190.49,984 IRON OAK WAY,Osceola Hills at Soaring Eagle Preserve,Sumter,Kings Bay,2000000,4,3.5,3651,3 Car Garage,,28.83542563,-81.96786998,A,P,,251284
S190.67,4015 NOSTALGIA TER,Osceola Hills at Soaring Eagle Preserve,Sumter,CUSTOM Premier,1298000,4,3,2936,3 Car Garage,,28.83591138,-81.96904549,A,P,rHYFdkj2EPY,250832
S189.61,3795 NOTTINGHAM LOOP,Osceola Hills at Soaring Eagle Preserve,Sumter,Aspen,625000,3,2,2004,"2 Car, plus Golf Car Garage",,28.84064756,-81.96795626,A,P,,251275
S189.111,3961 VIEW PATH,Osceola Hills at Soaring Eagle Preserve,Sumter,Laurel Oak,798888,3,2,2304,"2 Car, plus Golf Car Garage",,28.83729961,-81.96732008,A,P,hkBbSV3b0Os,251019
S833.54,3104 CARTER PATH,Oxford Oaks - Family Neighborhood,Sumter,Ponderosa Pine-OO,434998,4,2,1978,3 Car Garage,,28.91913607,-82.05104982,A,P,0ZdUs_ICG7M,250404
S833.130,3290 SENNETT CIR,Oxford Oaks - Family Neighborhood,Sumter,Ponderosa Pine-OO,429000,4,2,2084,3 Car Garage,,28.91676779,-82.04713344,A,P,,250986
S833.265,11196 ROZ WAY,Oxford Oaks - Family Neighborhood,Sumter,Grandview,724621,4,2.5,3602,3 Car Garage,Swimming Pool,28.91727928,-82.04324713,A,P,,249908
S833.279,11359 ZIMMERMAN PATH,Oxford Oaks - Family Neighborhood,Sumter,Zinnia-OO,449500,3,3,2013,2 Car Garage,,28.92113872,-82.04164991,A,P,,250425
S833.326,11409 ZIMMERMAN PATH,Oxford Oaks - Family Neighborhood,Sumter,Sarasota-OO,699000,3,2,2587,3 + Car Garage,,28.92240628,-82.03838135,A,P,,250939
S833.365,11325 STEWART LOOP,Oxford Oaks - Family Neighborhood,Sumter,Palm Beach-OO,349555,3,2,1758,2 Car Garage,,28.92155199,-82.04227687,A,P,zfbNo7E7U9U,251226
S833.439,3260 DZURO DR,Oxford Oaks - Family Neighborhood,Sumter,Premier,995000,3,3,2245,,Swimming Pool,28.92047191,-82.0492743,A,P,BbZNqtPilok,247061
L78.27,1204 BOWER LN,Spring Arbor - Family Neighborhood,Lake,Hibiscus,499000,5,3,2301,2 Car Garage,Swimming Pool,28.91899019,-81.95117777,A,P,zwst28yEhhg,249853
S14.31,625 SAN MARINO DR,The Village de La Vista,Sumter,Catalina III,377711,3,2,1587,2 Car Garage,,28.93028314,-81.9626109,A,P,,250927
S14.35,617 SAN MARINO DR,The Village de La Vista,Sumter,Vera Cruz,399000,3,2,1864,2 Car Garage,,28.92993923,-81.96197659,A,P,,248521
S15.50,407 ALDAMA AVE,The Village de La Vista,Sumter,Sedona III,329000,3,2,1437,2 Car Garage,,28.92469678,-81.96773739,A,P,,251296
S690.52,304 GUIDO AVE,The Village de La Vista,Sumter,Baja,294900,2,2,1334,"1 Car, plus Golf Car Garage",,28.92369641,-81.96513328,A,P,,250357
S695.60,412 HILDALGO DR,The Village de La Vista,Sumter,Colony,269000,2,2,1121,"1 Car, plus Golf Car Garage",,28.92514665,-81.96746803,A,P,,250898
S695.119,1703 SONORA ST,The Village de La Vista,Sumter,Colony,239900,2,2,1121,"1 Car, plus Golf Car Garage",,28.92613636,-81.96546952,A,P,,250789
S127.161,439 FOSTER PL,The Village of Amelia,Sumter,Amarillo,339000,3,2,1572,2 Car Garage,,28.88851249,-81.9590199,A,P,,251134
S127.237,278 CORBETT DR,The Village of Amelia,Sumter,Corpus Christi,325000,3,2,1240,"1 Car, plus Golf Car Garage",,28.88789649,-81.95504177,A,P,,250066
S127.253,305 MERCER WAY,The Village of Amelia,Sumter,Laredo,274000,2,2,1100,,,28.88858804,-81.95519423,A,P,WrmJbDO6yRs,250147
S127.272,293 ELWICK LN,The Village of Amelia,Sumter,Laredo,289900,2,2,1100,"1 Car, plus Golf Car Garage",,28.88925866,-81.95480708,A,P,,250305
S128.146,1882 JENKINS CT,The Village of Amelia,Sumter,Gardenia,570000,3,2,1927,"2 Car, plus Golf Car Garage",,28.88764111,-81.9640418,A,P,x_ZM6wPkwXk,250343
S130.100,459 OBOE WAY,The Village of Amelia,Sumter,Amarillo,369900,3,2,1392,2 Car Garage,,28.88455216,-81.95967605,A,P,vWbW4zsC6kc,250642
S700.18,605 LACY PL,The Village of Amelia,Sumter,Marathon,339900,2,2,1196,"1 Car, plus Golf Car Garage",,28.88583703,-81.96422901,A,P,,250925
S648.3,2134 JASPER WAY,The Village of Ashland,Sumter,Anna Maria,498800,3,2,1605,"1 Car, plus Golf Car Garage",,28.91268933,-82.00609118,A,P,SJ4vVak4qL4,250383
S40.16,1581 NORFOLK AVE,The Village of Belle Aire,Sumter,Volusia,850000,3,2,1909,2 Car Garage,,28.95236732,-82.00784544,A,P,0l34ZI6sxFw,250227
S40.17,1573 NORFOLK AVE,The Village of Belle Aire,Sumter,Volusia,919000,3,2,1871,2 Car Garage,Swimming Pool,28.95214253,-82.00790148,A,P,IuouIJlI89I,250043
S40.23,3216 ATWOOD WAY,The Village of Belle Aire,Sumter,Bradford,847007,3,2,2190,"2 Car, plus Golf Car Garage",Swimming Pool,28.95241032,-82.00894023,A,P,NvYHIihaEAs,251247
S40.45,3233 HAMPTON LN,The Village of Belle Aire,Sumter,Flagler,389900,3,2,2044,2 Car Garage,,28.95353307,-82.00948311,A,P,,250732
S41.24,3349 RICHMOND DR,The Village of Belle Aire,Sumter,Amarillo,499000,3,2,1527,2 Car Garage,,28.95805635,-82.0113555,A,P,,251096
S41.140,3264 ROANOKE ST,The Village of Belle Aire,Sumter,Stetson III,350000,3,2,1392,2 Car Garage,,28.95606491,-82.00915286,A,P,,250486
S41.206,1837 NAPLES PL,The Village of Belle Aire,Sumter,Stetson III,324900,3,2,1527,2 Car Garage,,28.95935562,-82.01271293,A,P,,250186
S236.37,412 CALVERT TER,The Village of Belvedere,Sumter,Marathon,282000,2,2,1148,"1 Car, plus Golf Car Garage",,28.92333613,-82.01637576,A,P,,250331
S76.49,2437 AFTON AVE,The Village of Belvedere,Sumter,Hibiscus,365000,3,2,2003,"1 Car, plus Golf Car Garage",,28.91785521,-82.01409857,A,P,-HJsoZp7IPk,251009
S78.33,2828 PLAINRIDGE LOOP,The Village of Belvedere,Sumter,Amarillo,319000,3,2,1392,2 Car Garage,,28.92316963,-82.02201828,A,P,dpH7e_E-g-4,250983
S78.60,423 FAIRMOUNT CT,The Village of Belvedere,Sumter,Amarillo,399000,3,2,1572,2 Car Garage,,28.92331947,-82.02279817,A,P,,251261
S79.90,546 FOXFIELD PATH,The Village of Belvedere,Sumter,Camellia,469000,3,2,1875,"2 Car, plus Golf Car Garage",,28.92017249,-82.02705062,A,P,dGgJQOarkFQ,248520
S79.146,2717 MARSTON WAY,The Village of Belvedere,Sumter,Oleander,529600,3,2,1667,2 Car Garage,,28.92049629,-82.02228551,A,P,,251075
S242.65,2614 ASCOT LOOP,The Village of Belvedere,Sumter,Colony,269900,2,2,1156,"1 Car, plus Golf Car Garage",,28.92171617,-82.01958162,A,P,,250445
S136.124,996 BAISLEY TRL,The Village of Bonita,Sumter,Lantana,769900,3,2,1978,"2 Car, plus Golf Car Garage",,28.8787323,-81.97456668,A,P,,251022
S136.159,770 GOLIATH PL,The Village of Bonita,Sumter,Wisteria,359000,3,2,1512,2 Car Garage,,28.87796166,-81.96881792,A,P,,248356
S141.136,1313 CENTERVILLE PL,The Village of Bonita,Sumter,Jasmine,427711,3,2,1673,2 Car Garage,,28.87877621,-81.9834774,A,P,,251196
S141.305,1189 HOMELAND PARK ST,The Village of Bonita,Sumter,Wisteria,420000,3,2,1507,2 Car Garage,,28.87612189,-81.98038029,A,P,,249966
S141.306,1195 HOMELAND PARK ST,The Village of Bonita,Sumter,Allamanda,479000,3,2,1559,2 Car Garage,,28.87622543,-81.98053625,A,P,,251088
S800.48,960 BUSTER PL,The Village of Bonita,Sumter,Modified Courtyard V,535000,3,3,1532,,,28.87415174,-81.97404636,A,P,lViY0x6Tee0,250659
S75.106,2459 AMBLER CIR,The Village of Bonnybrook,Sumter,Modified Designer,399000,3,2,1820,2 Car Garage,,28.9194112,-82.01138799,A,P,,250770
S239.34,2415 WAKEFIELD TER,The Village of Bonnybrook,Sumter,Stoneybrook,539900,3,2,1607,"1 Car, plus Golf Car Garage",,28.91925757,-82.0139177,A,P,,251154
S46V.153,5392 DRAY DR,The Village of Bradford,Sumter,Basswood,389900,3,2,1446,2 Car Garage,,28.80245561,-81.97760104,A,P,,251104
S46V.196,5417 BEDNARIK PL,The Village of Bradford,Sumter,Begonia,569900,3,2,2061,"2 Car, plus Golf Car Garage",,28.80161283,-81.9770646,A,P,,250790
S60V.10,5201 BUCK ST,The Village of Bradford,Sumter,Ottawa,1100000,3,3,1892,"2 Car, plus Golf Car Garage",Swimming Pool,28.8068991,-81.97904559,A,P,,250567
S60V.80,1174 TERI TER,The Village of Bradford,Sumter,Avondale,424900,3,2,1699,2 Car Garage,,28.80603037,-81.9799521,A,P,,249513
S61V.15,1059 JANA CT,The Village of Bradford,Sumter,Hideaway,274000,2,2,1039,"1 Car, plus Golf Car Garage",,28.7977841,-81.97671287,A,P,,251002
M229.15,8712 SE 166TH BIRCHBROOK LOOP,The Village of Briar Meadow,Marion,Foxglove,399987,3,2,1419,"1 Car, plus Golf Car Garage",,28.97929789,-82.00914107,A,P,,249844
M228.3,16595 SE 85TH LANGHAM CT,The Village of Briar Meadow,Marion,Grantham,415000,3,2,1670,"1 Car, plus Golf Car Garage",,28.98065797,-82.01127596,A,P,,249541
M228.6,16625 SE 85TH LANGHAM CT,The Village of Briar Meadow,Marion,Woodlawn,299000,2,2,1181,"1 Car, plus Golf Car Garage",,28.98037348,-82.01163849,A,P,,250673
M218.1,17339 SE 84TH FOXGROVE AVE,The Village of Briar Meadow,Marion,Stoneybrook,1175000,3,3,3693,2 Car Garage,Swimming Pool,28.97005638,-82.01346838,A,P,,250140
S171.143,2294 PAWLEYS ISLAND PATH,The Village of Bridgeport at Miona Shores,Sumter,St. Simons,815000,3,2,2373,"2 Car, plus Golf Car Garage",,28.90700262,-82.01155567,A,P,YCF3yaLf3Ag,250759
S828.91,1241 MERRYWEATHER WAY,The Village of Bridgeport-Creekside Landing,Sumter,Anna Maria,729000,3,2,1612,"1 Car, plus Golf Car Garage",Swimming Pool,28.90503193,-81.97675717,A,P,,250422
S805.47,2558 CARRINGTON CT,The Village of Buttonwood,Sumter,Colony,279900,2,2,1156,"1 Car, plus Golf Car Garage",,28.88979676,-82.0180883,A,P,,251131
S807.10,2505 BAYPORT PL,The Village of Buttonwood,Sumter,Cabot Cove,275000,2,2,1188,"1 Car, plus Golf Car Garage",,28.88834061,-82.01657151,A,P,,251056
S157.127,2141 ARROBES PL,The Village of Buttonwood,Sumter,Sunflower,459000,3,2,1888,"2 Car, plus Golf Car Garage",,28.88207958,-82.00641927,A,P,,251038
S170.20,2509 BUTTONWOOD RUN,The Village of Buttonwood,Sumter,Allamanda,385000,3,2,1559,2 Car Garage,,28.89077978,-82.01709369,A,P,,249940
S170.68,2596 BUTTONWOOD RUN,The Village of Buttonwood,Sumter,About Time,309900,2,2,1156,"1 Car, plus Golf Car Garage",,28.88962799,-82.01980226,A,P,,251046
S170.136,1797 CHANCEY WAY,The Village of Buttonwood,Sumter,At Ease,369000,3,2,1477,2 Car Garage,,28.89001967,-82.0190784,A,P,,251207
S170.270,1963 HARDING PATH,The Village of Buttonwood,Sumter,At Ease,389500,3,2,1623,"2 Car, plus Golf Car Garage",,28.88593212,-82.01765817,A,P,7KSlA-QKvJg,249606
M227.33,17145 SE 76TH BOXBURY CT,The Village of Calumet Grove,Marion,Marathon,274900,2,2,1168,"1 Car, plus Golf Car Garage",,28.97330705,-82.02598213,A,P,,247826
S114.90,288 NORRIS WAY,The Village of Caroline,Sumter,Amarillo,355000,3,2,1572,2 Car Garage,,28.89753866,-81.95447738,A,P,,251204
S125.35,1024 MCNAIR TER,The Village of Caroline,Sumter,Gardenia,554999,3,2,1913,2 Car Garage,,28.90845106,-81.96783435,A,P,,250727
S670.22,284 KATHERINE PL,The Village of Caroline,Sumter,Colony,284724,2,2,1156,"1 Car, plus Golf Car Garage",,28.89483192,-81.95453271,A,P,vbDJNom_J1M,251133
S670.39,285 STARR LN,The Village of Caroline,Sumter,Colony,339800,2,2,1156,"1 Car, plus Golf Car Garage",,28.8957807,-81.95454175,A,P,,248989
S75V.15,837 HUBBARD LOOP,The Village of Cason Hammock,Sumter,Indigo,1399999,3,3,2013,3 Car Garage,,28.78892683,-81.97073725,A,P,,251244
S75V.55,1143 SKATES ST,The Village of Cason Hammock,Sumter,Woodside,675000,4,3,2276,"2 Car, plus Golf Car Garage",,28.78969664,-81.9785883,A,P,,251268
S77V.82,881 BOWDEN RD,The Village of Cason Hammock,Sumter,Jasmine,649000,3,2,1569,2 Car Garage,Swimming Pool,28.7864592,-81.97333774,A,P,,249864
S196.79,825 ULELAH ST,The Village of Charlotte,Sumter,Holly,469000,3,2,2096,2 Car Garage,,28.85614519,-81.9701842,A,P,OUta76ySDgk,249801
S196.123,3281 SYLEWOOD AVE,The Village of Charlotte,Sumter,Allamanda,449900,3,2,1559,"2 Car, plus Golf Car Garage",,28.85336604,-81.97021564,A,P,5OkYLtIdaMA,251265
S199.113,3499 FIELDSTONE PATH,The Village of Charlotte,Sumter,Lily,549000,3,2,1939,"2 Car, plus Golf Car Garage",,28.85010279,-81.97226198,A,P,,250803
S199.116,3489 FIELDSTONE PATH,The Village of Charlotte,Sumter,Iris,499000,3,2,1982,"2 Car, plus Golf Car Garage",,28.84959037,-81.97244188,A,P,,249968
S945.49,3335 SEBASTION AVE,The Village of Charlotte,Sumter,Charlotte,404000,3,2,1416,"1 Car, plus Golf Car Garage",,28.85230063,-81.9624587,A,P,YYwVBF2UP50,250124
S942.57,848 SAPPHIRE PL,The Village of Charlotte,Sumter,Bonifay,414000,3,2,1407,"1 Car, plus Golf Car Garage",,28.85117719,-81.97098416,A,P,,250199
M221.52,17463 SE 81ST NEWBERRY CT,The Village of Chatham,Marion,Colony,259000,2,2,1163,"1 Car, plus Golf Car Garage",,28.96801904,-82.0175457,A,P,,249501
M59.29,8109 SE 174TH BELHAVEN LOOP,The Village of Chatham,Marion,Amarillo,379600,3,2,1623,2 Car Garage,,28.96724149,-82.02030351,A,P,,250136
M59.72,7999 SE 174TH BELHAVEN LOOP,The Village of Chatham,Marion,Amarillo,334900,3,2,1392,2 Car Garage,,28.9690898,-82.01893226,A,P,,249680
M59.98,8053 SE 174TH LUDLOW PL,The Village of Chatham,Marion,Amarillo,339000,3,2,1527,2 Car Garage,,28.96844576,-82.01924622,A,P,,250537
M62.220,17430 SE 72ND DEER RUN AVE,The Village of Chatham,Marion,Hibiscus,424900,3,2,1981,2 Car Garage,,28.96858801,-82.03344229,A,P,,250204
M63.47,7100 SE 172ND HAZELWOOD LOOP,The Village of Chatham,Marion,Live Oak,977711,3,2,2540,"2 Car, plus Golf Car Garage",Swimming Pool,28.97275216,-82.03153754,A,P,,250149
M233.95,7354 SE 167TH ZINA LANE,The Village of Chatham at Soulliere,Marion,Charlotte,370000,3,2,1442,"1 Car, plus Golf Car Garage",,28.9779065,-82.03213774,A,P,,250839
S44A.37,954 SUMNER LOOP,The Village of Chitty Chatty,Sumter,Bridgeport,724000,3,2.5,2067,"2 Car, plus Golf Car Garage",,28.81497943,-81.97383064,A,P,,249837
S741.16,955 COUTURE ST,The Village of Chitty Chatty,Sumter,Belmore,529727,3,2,1699,2 Car Garage,,28.81409289,-81.97403277,A,P,EaFnBSjvejM,249581
S742.1,4994 ELLIE LN,The Village of Chitty Chatty,Sumter,Ruby,338750,2,2,1148,"1 Car, plus Golf Car Garage",,28.81170687,-81.9745914,A,P,,251291
S744.59,4654 HILES PL,The Village of Chitty Chatty,Sumter,Winslow,569621,3,2,1789,2 Car Garage,,28.8203783,-81.97312977,A,P,VFS2qXApQ1w,250740
S67V.4,479 KAYLA CT,The Village of Citrus Grove,Sumter,Cottage,234000,1,1,828,"1 Car, plus Golf Car Garage",,28.78645961,-81.96030294,A,P,,249977
S67V.43,6067 GUY TER,The Village of Citrus Grove,Sumter,Nest,239900,2,2,971,,,28.78582169,-81.96023031,A,P,,250272
S58V.100,337 JAMESON LOOP,The Village of Citrus Grove,Sumter,Iris,485000,3,2,1914,"2 Car, plus Golf Car Garage",,28.78320608,-81.95588518,A,P,,250250
S71V.14,6144 GRASSO CIR,The Village of Citrus Grove,Sumter,Bridgeport,998500,3,3.5,3436,3 Car Garage,,28.78440366,-81.96324468,A,P,Wk5kV5Oydt0,251031
S71V.65,6335 MERHOTTEIN LOOP,The Village of Citrus Grove,Sumter,Mossy Oak,1325000,3,3,2203,"2 Car, plus Golf Car Garage",Swimming Pool,28.77896017,-81.96250055,A,P,,251044
S71V.100,6203 TRIPP TER,The Village of Citrus Grove,Sumter,Bridgeport,895000,3,2.5,2099,"2 Car, plus Golf Car Garage",,28.78239548,-81.96216344,A,P,gSBEZJ4ligU,251217
S71V.115,6384 DANIELSON LOOP,The Village of Citrus Grove,Sumter,Whispering Pine,424500,3,2,1694,"2 Car, plus Golf Car Garage",,28.78257894,-81.96292852,A,P,j3QRtonG3tw,250945
S71V.132,6363 DANIELSON LOOP,The Village of Citrus Grove,Sumter,Tamarind,395000,3,2,1554,2 Car Garage,,28.78223742,-81.96380135,A,P,cI-ZU9eY5T0,250230
S71V.171,560 CAPUTO CT,The Village of Citrus Grove,Sumter,Indigo,539900,3,3,1869,"2 Car, plus Golf Car Garage",,28.78103683,-81.96291197,A,P,,250942
S71V.204,6352 MERHOTTEIN LOOP,The Village of Citrus Grove,Sumter,Woodside,949000,4,3,2451,3 + Car Garage,Swimming Pool,28.77945847,-81.96281809,A,P,S_7RWtvGlrM,249598
S74V.9,5980 MULLIGAN RUN,The Village of Citrus Grove,Sumter,Ivy-10,1595000,4,2,2592,3 Car Garage,Swimming Pool,28.78696346,-81.96636794,A,P,QdP4RFzAHu8,250776
S74V.116,6124 SINGH LN,The Village of Citrus Grove,Sumter,Loblolly,399900,3,2,1516,"2 Car, plus Golf Car Garage",,28.78424188,-81.96633733,A,P,9ZRTBGnnGBQ,250325
S74V.138,6075 MULLIGAN RUN,The Village of Citrus Grove,Sumter,Zinnia,874900,3,3,2037,3 + Car Garage,Swimming Pool,28.78298266,-81.9679879,A,P,h_aNsTSCkgg,250487
S68V.16,6202 DINGMAN WAY,The Village of Citrus Grove,Sumter,Moonstone,294700,2,2,1295,"1 Car, plus Golf Car Garage",,28.7823301,-81.9574738,A,P,,251173
S68V.27,6248 DINGMAN WAY,The Village of Citrus Grove,Sumter,Bonifay,439900,3,2,1484,2 Car Garage,,28.78132904,-81.95659788,A,P,,251260
S68V.38,6225 DINGMAN WAY,The Village of Citrus Grove,Sumter,Haven,254900,2,2,963,"1 Car, plus Golf Car Garage",,28.78195687,-81.95699294,A,P,,249920
S69V.35,6316 BERTUCCI AVE,The Village of Citrus Grove,Sumter,Moonstone,359000,2,2,1266,"1 Car, plus Golf Car Garage",,28.77988756,-81.95747306,A,P,,251216
S230.68,3376 SAGINAW AVE,The Village of Collier,Sumter,Lantana,549000,3,2,2031,2 Car Garage,,28.851602,-82.01258733,A,P,,250697
S963.50,2156 ANTILLES CT,The Village of Collier,Sumter,Wyndham,429999,3,2,1935,"1 Car, plus Golf Car Garage",,28.84862917,-82.00691788,A,P,,249465
S959.7,3401 CARRABELLE CT,The Village of Collier,Sumter,Colony,249000,2,2,1156,"1 Car, plus Golf Car Garage",,28.85084459,-82.01917811,A,P,,250970
S959.32,3428 ALWYNE AVE,The Village of Collier,Sumter,Colony,298750,2,2,1156,"1 Car, plus Golf Car Garage",,28.85010917,-82.02031286,A,P,,250610
S955.5,2545 ALCADE PL,The Village of Collier,Sumter,Monticello,324900,3,2,1652,2 Car Garage,,28.84820517,-82.01763262,A,P,,251091
S969.41,2897 CHARLEVOIX ST,The Village of Collier at Alden Bungalows,Sumter,Montclair,564900,3,2,1818,2 Car Garage,,28.84967154,-82.02751699,A,P,qvaJQRcYjLk,251093
S969.117,2853 PETOSKEY PL,The Village of Collier at Alden Bungalows,Sumter,Arlington,499999,3,2,1781,2 Car Garage,,28.84891091,-82.02623042,A,P,,251071
S969.160,3444 LEELANAU CT,The Village of Collier at Alden Bungalows,Sumter,Arlington,524900,3,2,1794,2 Car Garage,,28.84926154,-82.02879335,A,P,,250844
S969.166,3480 LEELANAU CT,The Village of Collier at Alden Bungalows,Sumter,Montclair,515000,3,2,1818,2 Car Garage,,28.84847163,-82.02920074,A,P,,250389
S966.27,3930 E TORCH LAKE DR,The Village of Collier at Antrim Dells,Sumter,Arlington,649000,3,2,1794,2 Car Garage,Swimming Pool,28.83906097,-82.01261604,A,P,,250362
S966.52,3723 PARK DR,The Village of Collier at Antrim Dells,Sumter,Charlotte,629900,3,2,1504,"1 Car, plus Golf Car Garage",Swimming Pool,28.84294152,-82.01360994,A,P,xa-_CDPdH8E,250851
S966.92,3723 ROBERTSON WAY,The Village of Collier at Antrim Dells,Sumter,Wyndham,599555,3,2,1851,2 Car Garage,,28.8427504,-82.01532678,A,P,JoE79ovJZWk,251018
S966.125,3751 HALLOY LN,The Village of Collier at Antrim Dells,Sumter,Charlotte,450000,3,2,1504,"1 Car, plus Golf Car Garage",,28.84197564,-82.01505729,A,P,uHK2odwosio,250306
S966.158,2430 TOLLESON TRL,The Village of Collier at Antrim Dells,Sumter,Avondale,579000,3,2,1770,2 Car Garage,,28.83984147,-82.01448323,A,P,8pA7hbS58hw,250452
S966.179,3879 E TORCH LAKE DR,The Village of Collier at Antrim Dells,Sumter,Wyndham,739000,3,2,1851,2 Car Garage,Swimming Pool,28.8393749,-82.01421148,A,P,,251186
S973.30,3537 ESSEX COURT,The Village of Collier at Atwood Bungalows,Sumter,Winslow,672000,3,2,1738,2 Car Garage,,28.84743334,-82.03017779,A,P,,250507
S973.40,2992 BEADLE PLACE,The Village of Collier at Atwood Bungalows,Sumter,Charlotte,484000,3,2,1484,2 Car Garage,,28.84645039,-82.0300876,A,P,2ndtj5_s4No,251048
S973.60,3554 FARRELL AVE,The Village of Collier at Atwood Bungalows,Sumter,Charlotte,484000,3,2,1484,2 Car Garage,,28.8469761,-82.02901532,A,P,65pRKPnXgJA,250496
L7.1170,1618 KILEY CT,The Village of Country Club Hills,Lake,Manufactured Home,240000,2,2,1144,,,28.9530572,-81.94790375,A,P,,250881
L8.1575,1736 MAGNOLIA AVE,The Village of Country Club Hills,Lake,RANCH,269900,2,2,1121,"1 Car, plus Golf Car Garage",,28.95716704,-81.94527661,A,P,,250266
L8.1905,1827 W SCHWARTZ BLVD,The Village of Country Club Hills,Lake,Manufactured Home,139900,2,1.5,936,,,28.95988504,-81.94414958,A,P,,250288
L8.1923,820 HIBISCUS DR,The Village of Country Club Hills,Lake,Manufactured Home,194900,2,2,1088,,,28.95946053,-81.94129513,A,P,,250553
L8.1929,808 HIBISCUS DR,The Village of Country Club Hills,Lake,Manufactured Home,219800,2,2,936,,,28.95949299,-81.94247439,A,P,tjeALI50DWQ,251224
L9.2667,1609 DORAL CIR,The Village of Country Club Hills,Lake,Manufactured Home,217900,2,2,1446,,,28.95466476,-81.94127833,A,P,,250963
L10.2013,1525 E SCHWARTZ BLVD,The Village of Country Club Hills,Lake,Manufactured Home,159900,2,1,832,,,28.95223234,-81.93713569,A,P,,250774
L10.2158,1528 E SCHWARTZ BLVD,The Village of Country Club Hills,Lake,Corpus Christi,305000,2,2,1248,2 Car Garage,,28.95251123,-81.93736633,A,P,,249568
L10.2172,1614 E SCHWARTZ BLVD,The Village of Country Club Hills,Lake,Cedar Key,295000,2,2,1248,2 Car Garage,,28.95474129,-81.93591495,A,P,,249862
L10.2224,1630 CYPRESS PT,The Village of Country Club Hills,Lake,Cedar Key,234500,2,2,1279,,,28.95607024,-81.93948561,A,P,,250900
L11.2760,602 SAINT ANDREWS CIR,The Village of Country Club Hills,Lake,Site Built,398500,2,2,1394,3 Car Garage,Swimming Pool,28.95257942,-81.93321777,A,P,,250050
L11.2815,619 SAINT ANDREWS BLVD,The Village of Country Club Hills,Lake,Manufactured Home,219000,2,2,936,,,28.95332294,-81.93549913,A,P,,250964
L11.2822,1606 PINEHURST DR,The Village of Country Club Hills,Lake,Manufactured Home,209900,2,2,1336,,,28.95305976,-81.93618251,A,P,,250976
L11.2844,1615 CHERRY HILL RD,The Village of Country Club Hills,Lake,Daytona,234900,2,2,1040,,,28.95472595,-81.93382535,A,P,,251294
L13.3323,1423 W SCHWARTZ BLVD,The Village of Country Club Hills,Lake,Corpus Christi,299500,2,2,1455,2 Car Garage,,28.95104495,-81.95182309,A,P,,249673
L13.3400,1124 PARADISE DR,The Village of Country Club Hills,Lake,Daytona,229900,2,2,1040,,,28.9519248,-81.95212653,A,P,,250099
L73V.71,813 DONELIN CIR,The Village of Dabney,Lake,Osprey,849000,3,2.5,2114,3 Car Garage,,28.75605369,-81.91869708,A,P,Nl5Z_bsrE7Q,251215
L73V.79,856 DONELIN CIR,The Village of Dabney,Lake,Sunflower,689900,3,2,1969,"2 Car, plus Golf Car Garage",Swimming Pool,28.75728982,-81.91883163,A,P,,251126
L74V.9,7305 CORNWALL WAY,The Village of Dabney,Lake,Tall Pine,369900,3,2,1479,2 Car Garage,,28.75553891,-81.91936399,A,P,,250107
L74V.49,7270 CORNWALL WAY,The Village of Dabney,Lake,Tall Pine,429000,3,2,1479,2 Car Garage,,28.75595969,-81.92054501,A,P,uHW1X0LIFBo,250926
L76V.16,830 RIVER OAKS CIR,The Village of Dabney,Lake,Sassafras,344000,3,2,1439,2 Car Garage,,28.7517024,-81.9203398,A,P,,251189
L78V.18,753 CHERRY CREEK WAY,The Village of Dabney,Lake,Sanderling,998500,4,3,2465,"2 Car, plus Golf Car Garage",,28.75107577,-81.9153729,A,P,R7TYGh1nsYE,250525
L78V.26,707 CHERRY CREEK WAY,The Village of Dabney,Lake,Starling,955000,3,2,1916,"2 Car, plus Golf Car Garage",Swimming Pool,28.74997296,-81.91504941,A,P,,250808
L78V.71,650 CHERRY CREEK WAY,The Village of Dabney,Lake,Egret,1049800,3,2,2347,"2 Car, plus Golf Car Garage",Swimming Pool,28.74898211,-81.91295271,A,P,J5w77nUsjXU,249535
L81V.10,703 LAKE CREEK CIR,The Village of Dabney,Lake,Kingfisher,574900,3,2,1926,"2 Car, plus Golf Car Garage",,28.75340064,-81.91607165,A,P,qNX0YK5w1jg,249292
L81V.45,541 LAKE CREEK CIR,The Village of Dabney,Lake,Egret,1380117,3,2,2356,3 Car Garage,Swimming Pool,28.75239111,-81.91240908,A,P,EyXAMqAnAKo,250263
L84V.16,564 BEDMINSTER WAY,The Village of Dabney,Lake,Egret,849000,3,2,2386,3 Car Garage,,28.75908968,-81.9116285,A,P,4mVRHP62Q-0,250608
L84V.51,591 FLEMINGTON PATH,The Village of Dabney,Lake,Avalon,1790000,4,3,2714,3 Car Garage,Swimming Pool,28.75999926,-81.91204347,A,P,,250713
L84V.55,7135 LAKE DENHAM DR,The Village of Dabney,Lake,Avalon,1740000,4,3,2719,3 + Car Garage,Swimming Pool,28.75953128,-81.91101815,A,P,haIItkBkmD0,250864
L84V.71,390 BEDMINSTER WAY,The Village of Dabney,Lake,Egret,1149000,3,2,2334,3 Car Garage,Swimming Pool,28.75793819,-81.90694263,A,P,5XK3r-OxbL4,250888
L79V.8,7535 ALYSHA AVE,The Village of Dabney,Lake,Arlington,389900,3,2,1656,2 Car Garage,,28.74908355,-81.91628045,A,P,4yvXyICX6_c,248891
L80V.46,704 FORTNIER ST,The Village of Dabney,Lake,Moonstone,299900,2,2,1300,"1 Car, plus Golf Car Garage",,28.74890441,-81.91557857,A,P,,249956
L80V.49,690 FORTNIER ST,The Village of Dabney,Lake,Emerald,309700,3,2,1440,"1 Car, plus Golf Car Garage",,28.7487622,-81.91517229,A,P,,250908
L82V.51,506 VAN DEEN PL,The Village of Dabney,Lake,Durham,345000,2,2,1310,2 Car Garage,,28.75167128,-81.90994866,A,P,,251231
L82V.57,530 VAN DEEN PL,The Village of Dabney,Lake,Charlotte,375500,3,2,1499,2 Car Garage,,28.75142929,-81.91071212,A,P,gW9-yWf5O7M,250080
L83V.4,489 VERLANDER ST,The Village of Dabney,Lake,Mason,799000,4,3,2270,"2 Car, plus Golf Car Garage",,28.75059495,-81.90982687,A,P,NHWBVRbwdvo,250997
L83V.17,7551 HAGEMEYER PL,The Village of Dabney,Lake,Monroe,499999,3,2,1954,"2 Car, plus Golf Car Garage",,28.7489402,-81.90924691,A,P,,250879
L75V.19,7420 RAVINE RD,The Village of Dabney,Lake,Emerald,277711,2,2,1280,"1 Car, plus Golf Car Garage",,28.75232488,-81.92057116,A,P,,250967
S31V.102,4814 STEELE PATH,The Village of DeLuna,Sumter,Aspen,749900,3,2,1914,3 + Car Garage,,28.81606414,-82.02387004,A,P,,250959
S730.7,4870 TATE GREGORY CT,The Village of DeLuna,Sumter,Emerald,319000,2,2,1266,"1 Car, plus Golf Car Garage",,28.81492845,-82.0250293,A,P,,251008
S731.42,2805 CHRISTOPHER CT,The Village of DeLuna,Sumter,Carrabelle,369000,2,2,1290,2 Car Garage,,28.82032705,-82.02483265,A,P,,251061
S117V.130,3032 BRODEUR AVE,The Village of DeLuna,Sumter,Poplar,419900,3,2,1494,2 Car Garage,,28.82548604,-82.03095168,A,P,,250035
S118V.9,3192 JACQUELINE WAY,The Village of DeLuna,Sumter,Gardenia,719000,3,2,1956,"2 Car, plus Golf Car Garage",,28.82750089,-82.03510271,A,P,,250270
S120V.25,3280 PIERLUISSI PATH,The Village of DeLuna,Sumter,Iris,719000,3,2,1931,"2 Car, plus Golf Car Garage",,28.8244756,-82.03801877,A,P,jTWCwRKQSiU,251269
S125V.17,3418 NISBET LOOP,The Village of DeLuna,Sumter,Jasmine,419976,3,2,1569,2 Car Garage,,28.82041099,-82.04147113,A,P,,250226
S125V.33,4692 HAYWARD PATH,The Village of DeLuna,Sumter,Starling,1295000,3,2,2112,"2 Car, plus Golf Car Garage",Swimming Pool,28.81917852,-82.04130914,A,P,bR2upQiP5Ec,251111
S125V.108,4681 WIGHTMAN CIR,The Village of DeLuna,Sumter,Mossy Oak,509900,3,3,1905,"2 Car, plus Golf Car Garage",,28.81966159,-82.04425825,A,P,,251122
S125V.142,3473 PARRIS PL,The Village of DeLuna,Sumter,Basswood,364500,3,2,1419,2 Car Garage,,28.82075041,-82.04311766,A,P,7CC7E5GHgdw,250052
S126V.17,4669 RAMSELL RD,The Village of DeLuna,Sumter,At Ease,379500,3,2,1472,2 Car Garage,,28.81987646,-82.03946162,A,P,5E75UE9XxMc,250229
S126V.42,4673 MONICA ST,The Village of DeLuna,Sumter,Anchor,389400,3,2,1547,"2 Car, plus Golf Car Garage",,28.81971617,-82.04019661,A,P,rsTxiLORCm4,249410
S133V.98,3296 WIELENGA PL,The Village of DeLuna,Sumter,Indigo,915000,3,3,1869,"2 Car, plus Golf Car Garage",Swimming Pool,28.83111296,-82.03943726,A,P,i7nFuoXoenU,250841
S121V.34,3230 MABEL TER,The Village of DeLuna,Sumter,Emerald,299000,2,2,1266,,,28.82390459,-82.03633501,A,P,,250014
S136V.9,4132 SILVANA WAY,The Village of DeLuna,Sumter,Moonstone,299000,2,2,1295,"1 Car, plus Golf Car Garage",,28.83284432,-82.04502147,A,P,,251283
S136V.64,3514 JOLENE PL,The Village of DeLuna,Sumter,Topaz,279000,2,2,1206,2 Car Garage,,28.83411535,-82.04442284,A,P,,251206
S137V.20,3505 SANDRA ST,The Village of DeLuna,Sumter,Charlotte,449500,3,2,1492,2 Car Garage,,28.82852598,-82.04422328,A,P,,251049
S130V.31,3099 MELLE PL,The Village of DeLuna,Sumter,Topaz,274000,2,2,1223,2 Car Garage,,28.82913765,-82.03283186,A,P,lyNBo63vGdM,250821
S132V.53,4274 CASSANDRA CT,The Village of DeLuna,Sumter,Mason,1049000,4,3,2270,"2 Car, plus Golf Car Garage",Swimming Pool,28.82947692,-82.03834332,A,P,g4wCBxXcqT8,251085
S127V.42,3372 CLARA CT,The Village of DeLuna,Sumter,Moonstone,329000,2,2,1295,"2 Car, plus Golf Car Garage",,28.81875508,-82.04010833,A,P,,250949
S619.37,2441 NELLIE RD,The Village of DeSoto,Sumter,Anaheim,334900,3,2,1450,"1 Car, plus Golf Car Garage",,28.79403943,-82.01533952,A,P,,248432
S620.30,5852 UNGER CT,The Village of DeSoto,Sumter,Carrabelle,315000,2,2,1147,"1 Car, plus Golf Car Garage",,28.79097915,-82.01395613,A,P,,250468
S622.69,2373 HILL ST,The Village of DeSoto,Sumter,Sapphire,297000,2,2,1434,"1 Car, plus Golf Car Garage",,28.78572499,-82.01340347,A,P,,251152
S7F.3,2560 CARUTHERS PATH,The Village of DeSoto,Sumter,Lantana,1075000,3,2,2016,"2 Car, plus Golf Car Garage",Swimming Pool,28.78836459,-82.01869478,A,P,rJ0VIPVyyWc,250318
S7F.41,6094 DELPHINA LOOP,The Village of DeSoto,Sumter,Jasmine,440900,3,2,1601,"2 Car, plus Golf Car Garage",,28.78782907,-82.0143351,A,P,https://www,250588
S7F.126,6007 DELPHINA LOOP,The Village of DeSoto,Sumter,Palm Beach,649900,3,2,1770,"2 Car, plus Golf Car Garage",Swimming Pool,28.78719266,-82.01436412,A,P,,251082
S200.131,938 FIGWOOD LOOP,The Village of Dunedin,Sumter,Bridgeport,529000,3,2.5,1952,"2 Car, plus Golf Car Garage",,28.84540666,-81.9732279,A,P,,250720
S202.168,3755 NATURE LN,The Village of Dunedin,Sumter,Iris,489000,3,2,1927,"2 Car, plus Golf Car Garage",,28.84224175,-81.98280258,A,P,Jcx-qyhVEpI,250784
S204.59,3584 KEELEY CT,The Village of Dunedin,Sumter,Iris,499621,3,2,1957,"2 Car, plus Golf Car Garage",,28.84613562,-81.9825507,A,P,,251157
S237.78,3753 BARREL LOOP,The Village of Dunedin,Sumter,Lily,539000,3,2,2000,"2 Car, plus Golf Car Garage",,28.84208097,-81.98769349,A,P,,251191
S146.347,2600 ENGLISH IVY CIR,The Village of Duval,Sumter,Corpus Christi,309985,3,2,1240,"1 Car, plus Golf Car Garage",,28.86894339,-81.98591086,A,P,,251007
S147.20,1672 GUMWOOD DR,The Village of Duval,Sumter,Camden,424000,3,2,1621,2 Car Garage,,28.87088447,-81.99243307,A,P,,250954
S147.86,2781 PERSIMMON LOOP,The Village of Duval,Sumter,Camden,439900,3,2,1621,2 Car Garage,,28.86866084,-81.98955651,A,P,QiQoc0xSmK8,250765
S147.179,2677 DAFFODIL CT,The Village of Duval,Sumter,Bridgeport,498500,3,2.5,2075,2 Car Garage,,28.86844261,-81.99056491,A,P,,251301
S142.16,1211 WESTMORELAND LOOP,The Village of Duval,Sumter,Whispering Pine,389000,3,2,1724,2 Car Garage,,28.87416986,-81.98057826,A,P,b0iQHMD5a3c,250744
S706.50,1402 BUNKER LN,The Village of Duval,Sumter,Colony,295900,2,2,1156,"1 Car, plus Golf Car Garage",,28.86796142,-81.98631474,A,P,,251242
S160V.17,6392 EDENFIELD RUN,The Village of Edenfield,Sumter,Sanderling-C,1995000,4,3,2352,"2 Car, plus Golf Car Garage",Swimming Pool,28.77770487,-81.97926672,A,P,-JzDZpgNtVw,250019
S162V.14,6505 EDENFIELD RUN,The Village of Edenfield,Sumter,Warbler-C,1039000,4,3,2771,"2 Car, plus Golf Car Garage",,28.77459556,-81.98183388,A,P,svPKEppSZuY,251017
S162V.27,6559 EDENFIELD RUN,The Village of Edenfield,Sumter,Sanderling-C,1329000,4,3,2312,"2 Car, plus Golf Car Garage",Swimming Pool,28.77372591,-81.98433258,A,P,W_MxB1mXk9g,251004
S617.26,5789 EMERSON CT,The Village of Fenney,Sumter,Charlotte,359000,3,2,1452,"1 Car, plus Golf Car Garage",,28.79266917,-82.0258888,A,P,,250897
S3F.29,5539 PASSION FLOWER WAY,The Village of Fenney,Sumter,Mossy Oak,789000,3,3,2017,"2 Car, plus Golf Car Garage",,28.79754937,-82.0281021,A,P,,251137
S4F.44,5617 SEA GRAPES WAY,The Village of Fenney,Sumter,Jasmine,599333,3,2,1709,2 Car Garage,,28.7968501,-82.02408588,A,P,zo9QF6iS2E4,250894
S4F.100,5695 SEA GRAPES WAY,The Village of Fenney,Sumter,Mossy Oak,925000,3,3,1905,"2 Car, plus Golf Car Garage",Swimming Pool,28.79486672,-82.02371253,A,P,YvHb_1WDGHw,250662
S9F.123,5854 RUTLAND AVE,The Village of Fenney,Sumter,Mason,619900,4,3,2315,"2 Car, plus Golf Car Garage",,28.79113364,-82.02567053,A,P,,250658
S624.56,5866 MARSH CT,The Village of Fenney,Sumter,Jade,299000,2,2,1184,"1 Car, plus Golf Car Garage",,28.7907481,-82.03135075,A,P,,250650
S625.38,3147 MERRIT LN,The Village of Fenney,Sumter,Belmore,398500,3,2,1611,2 Car Garage,,28.78926465,-82.0344655,A,P,HfsIuk_q5B8,251113
S623.17,5843 HOWELL TER,The Village of Fenney,Sumter,Cottage,235000,1,1,822,,,28.79139708,-82.02871245,A,P,,248970
S8F.48,2709 LYALL LOOP,The Village of Fenney,Sumter,Indigo,625000,3,3,1930,"2 Car, plus Golf Car Garage",,28.79113908,-82.02279031,A,P,,250748
S10F.41,5741 PENNEY LN,The Village of Fenney,Sumter,Wisteria,390000,3,2,1569,2 Car Garage,,28.79375812,-82.02777562,A,P,,251292
S198.62,3192 KILLINGTON LOOP,The Village of Fernandina,Sumter,Iris,539900,3,2,1965,"2 Car, plus Golf Car Garage",,28.85615489,-81.97482995,A,P,,251256
S205.188,1284 ZOMBAR PL,The Village of Fernandina,Sumter,Gardenia,565000,3,2,2050,2 Car Garage,,28.85183557,-81.98290823,A,P,,251289
S205.199,1174 ALLAIRE LOOP,The Village of Fernandina,Sumter,Iris,499997,3,2,1965,"2 Car, plus Golf Car Garage",,28.85335703,-81.98361063,A,P,,251070
S206.156,3198 LAFAYETTE ST,The Village of Fernandina,Sumter,Elm,525000,3,2,1986,2 Car Garage,,28.85560867,-81.9795003,A,P,GYWHZA3kXXo,250401
S952.46,1433 DYNASTY PL,The Village of Fernandina,Sumter,Colony,272000,2,2,1156,"1 Car, plus Golf Car Garage",,28.84972895,-81.98688804,A,P,FxD-XU1VwKU,250856
S952.49,3458 PLACIDA TER,The Village of Fernandina,Sumter,Colony,329900,2,2,1156,"1 Car, plus Golf Car Garage",,28.84943471,-81.98650802,A,P,,249813
S207.25,2951 BONIFAY PATH,The Village of Fernandina at MacClenny,Sumter,St. Charles,1250000,3,2,2851,"2 Car, plus Golf Car Garage",Swimming Pool,28.86172181,-81.98003045,A,P,,250944
S213.44,3036 RANCHWOOD TER,The Village of Gilchrist,Sumter,Lily,489000,3,2,1929,2 Car Garage,,28.85968699,-81.99619986,A,P,JUxMX5ZSr4c,251197
S214.98,3234 ORANGEDALE TER,The Village of Gilchrist,Sumter,Wisteria,419000,3,2,1584,2 Car Garage,,28.85497736,-81.98618252,A,P,,249998
S33.20,1413 OAK FOREST DR,The Village of Glenbrook,Sumter,Carolina III,335000,3,2,1572,2 Car Garage,,28.94822134,-82.00146623,A,P,,249873
S33.174,3041 MAYWOOD CT,The Village of Glenbrook,Sumter,Monroe,324900,3,2,1477,2 Car Garage,,28.9468043,-82.00295065,A,P,,250834
S33.231,3160 HILLSIDE LN,The Village of Glenbrook,Sumter,Bradford,699999,3,2,2044,2 Car Garage,Swimming Pool,28.94601195,-82.00601749,A,P,,251233
S34.206,3001 EGERTON PL,The Village of Glenbrook,Sumter,Charlotte,337900,3,2,1527,2 Car Garage,,28.94304544,-82.00109364,A,P,,250804
S37.92,1259 NILES CT,The Village of Glenbrook,Sumter,Dogwood,379900,3,2,1706,2 Car Garage,,28.94395281,-82.00771696,A,P,,250779
S37.154,1288 DEERFIELD LN,The Village of Glenbrook,Sumter,Madison,416900,2,2,1894,2 Car Garage,,28.94572032,-82.00907059,A,P,,250361
S39.265,3599 WORTH CIR,The Village of Glenbrook,Sumter,Charlotte,325000,3,2,1392,2 Car Garage,,28.94829887,-82.01397104,A,P,,251158
S134.1,2327 DUNKIRK TRL,The Village of Hadley,Sumter,Gardenia,695000,3,2,1926,2 Car Garage,,28.87663445,-81.96103492,A,P,,250336
S135.53,2515 LINKS CT,The Village of Hadley,Sumter,Gardenia,925000,3,2,2362,"2 Car, plus Golf Car Garage",Swimming Pool,28.8723026,-81.95441291,A,P,vgisg3GiwPI,250772
S713.26,2402 SAFFRON LN,The Village of Hadley,Sumter,Stoneybrook,392000,3,2,1602,"1 Car, plus Golf Car Garage",,28.87504126,-81.96181372,A,P,,250382
S139V.32,3801 STEPHANIE WAY,The Village of Hammock at Fenney,Sumter,About Time,289850,2,2,1148,"1 Car, plus Golf Car Garage",,28.79021707,-82.05301344,A,P,,250128
S140V.17,5933 PHEIL PATH,The Village of Hammock at Fenney,Sumter,Ivy-10,1549900,4,2,2728,3 Car Garage,Swimming Pool,28.7884972,-82.05006466,A,P,DC_hmNaHGsI,250886
S140V.76,3759 COYNE LOOP,The Village of Hammock at Fenney,Sumter,Laurel Oak,985000,3,2,2446,"2 Car, plus Golf Car Garage",,28.7901871,-82.05119994,A,P,,249209
S628.21,5766 MARROT TER,The Village of Hammock at Fenney,Sumter,Charlotte,545900,3,2,1492,2 Car Garage,,28.79342991,-82.05112531,A,P,,249417
S628.34,5746 BRENNAN CT,The Village of Hammock at Fenney,Sumter,Avondale,424900,3,2,1699,2 Car Garage,,28.79390237,-82.05029105,A,P,,249993
S138V.70,3822 WENK PL,The Village of Hammock at Fenney,Sumter,Haven,248500,2,2,963,"1 Car, plus Golf Car Garage",,28.79201598,-82.05313183,A,P,,250938
S32.40,2809 LARRANAGA DR,The Village of Harmeswood,Sumter,New Orleans,1849900,4,3.5,3260,"2 Car, plus Golf Car Garage",Swimming Pool,28.95673987,-81.99829313,A,P,,249048
S79V.1,5829 JULIAN LOOP,The Village of Hawkins,Sumter,Hillsdale,574900,3,3,1905,"2 Car, plus Golf Car Garage",,28.79168443,-81.98144729,A,P,,250796
S79V.23,1136 HOSLEY ST,The Village of Hawkins,Sumter,Hillsdale,565000,3,2,1905,"2 Car, plus Golf Car Garage",,28.79071602,-81.97862491,A,P,,251174
S82V.24,5668 BRETT WAY,The Village of Hawkins,Sumter,Modified Designer,624800,3,3,1872,3 Car Garage,,28.79585203,-81.9825954,A,P,,250100
S87V.33,5479 THOME LOOP,The Village of Hawkins,Sumter,Begonia,1299000,3,2,2213,"2 Car, plus Golf Car Garage",Swimming Pool,28.79927237,-81.9873317,A,P,kEtf8J8K-Rg,251115
S88V.81,1328 FRANCESCA PL,The Village of Hawkins,Sumter,Tall Pine,359295,3,2,1459,2 Car Garage,,28.7930919,-81.98417087,A,P,-ZO6mFrrqT0,249621
S88V.102,1370 FRAZIER WAY,The Village of Hawkins,Sumter,Bridgeport,644444,3,2,2121,"2 Car, plus Golf Car Garage",,28.79344232,-81.98521888,A,P,,251213
S88V.120,5737 JOSEPHINE CT,The Village of Hawkins,Sumter,Aspen,499000,3,2,1922,"2 Car, plus Golf Car Garage",,28.79381145,-81.98660752,A,P,,251021
S94V.24,5565 MELVIN DR,The Village of Hawkins,Sumter,Iris,839500,3,2,2064,"2 Car, plus Golf Car Garage",,28.79817068,-81.99145846,A,P,,251246
S94V.59,5684 MATANZAS LOOP,The Village of Hawkins,Sumter,Tall Pine,439900,3,2,1459,2 Car Garage,,28.79494677,-81.99021729,A,P,05fGiHKKScU,250617
S94V.69,5658 MELVIN DR,The Village of Hawkins,Sumter,Iris,640000,3,2,1918,"2 Car, plus Golf Car Garage",,28.79558878,-81.99037924,A,P,,251183
S83V.15,5532 BRETT WAY,The Village of Hawkins,Sumter,Ottawa,715000,3,3,1901,"2 Car, plus Golf Car Garage",,28.79927891,-81.98091032,A,P,kciEB3V_3hQ,250490
S83V.42,1160 ROCKLEDGE RD,The Village of Hawkins,Sumter,Ottawa,839900,3,3,1901,"2 Car, plus Golf Car Garage",,28.79787699,-81.97958775,A,P,,251143
S89V.23,5888 SANFORD ST,The Village of Hawkins,Sumter,Auburndale,410000,3,2,1473,2 Car Garage,,28.79029319,-81.98422099,A,P,aRnsKCc7GLU,251114
S90V.29,5816 EOLA PL,The Village of Hawkins,Sumter,Montclair,474900,3,2,1647,2 Car Garage,,28.7920973,-81.9868347,A,P,,250931
S90V.57,1419 TURNER TER,The Village of Hawkins,Sumter,Charlotte,424900,3,2,1492,2 Car Garage,,28.79168888,-81.98647392,A,P,,251171
S91V.53,1467 JOSHUA CT,The Village of Hawkins,Sumter,Moonstone,315000,2,2,1295,"1 Car, plus Golf Car Garage",,28.79223355,-81.9878382,A,P,,251047
S93V.26,5689 VIRGIL PL,The Village of Hawkins,Sumter,Topaz,318900,2,2,1223,2 Car Garage,,28.79458034,-81.99062406,A,P,,250009
S172.24,878 MISTY CT,The Village of Hemingway,Sumter,Bougainvillea,409000,3,2,1596,2 Car Garage,,28.86583508,-81.97171399,A,P,,250599
S709.44,2503 MARIEL WAY,The Village of Hemingway,Sumter,Colony,319900,2,2,1156,"1 Car, plus Golf Car Garage",,28.87268623,-81.97468188,A,P,,250829
S710.53,946 MARGAUX TRL,The Village of Hemingway,Sumter,Colony,285000,2,2,1156,"1 Car, plus Golf Car Garage",,28.87201868,-81.97389375,A,P,,251058
S220.110,3556 WYNGATE PL,The Village of Hillsborough,Sumter,Lilac,459900,3,2,1956,"2 Car, plus Golf Car Garage",,28.846886,-82.00309116,A,P,aBqxYfilWdc,250536
S220.144,3571 COSMOS WAY,The Village of Hillsborough,Sumter,Iris,529000,3,2,1943,"2 Car, plus Golf Car Garage",,28.84659523,-82.00393868,A,P,mFdW3ze23WM,250707
S220.167,3592 FIREFLY CT,The Village of Hillsborough,Sumter,Begonia,539900,3,2,1890,"2 Car, plus Golf Car Garage",,28.84609158,-82.00729056,A,P,,251072
S221.151,2090 IVEYWOOD ST,The Village of Hillsborough,Sumter,Pearl,329000,2,2,1288,2 Car Garage,,28.8431149,-82.00520137,A,P,N3bmxiOW83k,250635
S964.61,3756 VISCAYA CT,The Village of Hillsborough,Sumter,Colony,279900,2,2,1156,"1 Car, plus Golf Car Garage",,28.84190573,-82.00661612,A,P,,250694
S964.70,3783 IVEY TER,The Village of Hillsborough,Sumter,Colony,315500,2,2,1156,"1 Car, plus Golf Car Garage",,28.84112504,-82.00690332,A,P,,250633
S183.60,426 INK SPOT WAY,The Village of Labelle,Sumter,Elm,539000,3,2,1957,"2 Car, plus Golf Car Garage",,28.85027547,-81.95852017,A,P,eW_d8M0doME,250716
S183.63,375 PIGEON PL,The Village of Labelle,Sumter,Lilac,494900,3,2,1948,"2 Car, plus Golf Car Garage",,28.85065098,-81.95704467,A,P,NZXOx3cvBZs,250565
S186.59,483 PINFISH CT,The Village of Labelle,Sumter,Ivy,769000,4,2,2558,"2 Car, plus Golf Car Garage",,28.85077609,-81.96103084,A,P,9B_imhm2Loo,250376
S234.203,3766 INDIANWOOD RD,The Village of Lake Deaton,Sumter,Sunflower,429000,3,2,1925,"2 Car, plus Golf Car Garage",,28.84196775,-82.00000022,A,P,fWV6z4xcpko,249579
S234.218,3829 NEIGHBORLY WAY,The Village of Lake Deaton,Sumter,Whispering Pine,380000,3,2,1679,2 Car Garage,,28.84052928,-82.00008695,A,P,,249758
S236H.102,3743 UNDERBRUSH TRL,The Village of Lake Deaton,Sumter,Lily,499600,3,2,2039,"2 Car, plus Golf Car Garage",,28.84210531,-81.99591798,A,P,,250516
S960.8,1953 CARROTWOOD ST,The Village of Lake Deaton,Sumter,Callaway,308000,2,2,1206,"1 Car, plus Golf Car Garage",,28.84053757,-82.00154166,A,P,,249496
S235H.2,1837 WADING HERON WAY,The Village of Lake Deaton,Sumter,Grandview,1998500,4,2.5,3827,3 Car Garage,Swimming Pool,28.83743167,-81.99738601,A,P,iOUEwtf3GpQ,250760
L56V.54,6931 MINCHEW CIR,The Village of Lake Denham,Lake,Peacock,383500,3,2,1542,2 Car Garage,,28.76453718,-81.9419537,A,P,,250040
L56V.111,6893 TINA ST,The Village of Lake Denham,Lake,Hidden Cove,359000,3,2,1492,2 Car Garage,,28.76539021,-81.94257747,A,P,,250792
L60V.6,6996 DWIGHT DR,The Village of Lake Denham,Lake,Dove,799000,3,3,1905,"2 Car, plus Golf Car Garage",Swimming Pool,28.76317135,-81.94090006,A,P,u8WVTcwZfUk,249530
L60V.79,1580 ROWELL ST,The Village of Lake Denham,Lake,Sandhill Crane,399000,3,2,1450,2 Car Garage,,28.76074146,-81.93980042,A,P,,249686
L60V.84,1604 ROWELL ST,The Village of Lake Denham,Lake,Whip-Poor-Will,379000,3,2,1477,2 Car Garage,,28.76145512,-81.94034255,A,P,,251139
L60V.104,6995 DWIGHT DR,The Village of Lake Denham,Lake,Mossy Oak,679000,3,3,2006,"2 Car, plus Golf Car Garage",,28.7628043,-81.9407094,A,P,,250155
L63V.17,1431 GUILLERMINA LOOP,The Village of Lake Denham,Lake,Kestrel,498000,4,2,1971,"2 Car, plus Golf Car Garage",,28.75955549,-81.93493669,A,P,,249403
L63V.70,1402 GUILLERMINA LOOP,The Village of Lake Denham,Lake,Tall Pine,349900,3,2,1479,2 Car Garage,,28.75871014,-81.93483042,A,P,,250979
L63V.73,1386 GUILLERMINA LOOP,The Village of Lake Denham,Lake,Cormorant,550000,3,2,1911,3 Car Garage,,28.75820561,-81.93500605,A,P,w9oBXTDHpoI,250345
L63V.83,1508 JEREMY CIR,The Village of Lake Denham,Lake,Sandhill Crane,397500,3,2,1450,2 Car Garage,,28.75810273,-81.93703007,A,P,TSAlTPeSnPs,249804
L65V.31,6959 SUGAR CREEK PATH,The Village of Lake Denham,Lake,Spoonbill,929900,3,2,2067,2 Car Garage,Swimming Pool,28.76370027,-81.93411182,A,P,Do8WbAhbsHY,250693
L65V.107,7024 LAWRENCEVILLE WAY,The Village of Lake Denham,Lake,Tall Pine,344000,3,2,1479,2 Car Garage,,28.76191591,-81.93568764,A,P,,250823
L66V.85,7115 LANGLEY LOOP,The Village of Lake Denham,Lake,Woodstar,489500,3,2,1861,"2 Car, plus Golf Car Garage",,28.75969204,-81.93059054,A,P,,251108
L68V.13,1104 JOETTE PL,The Village of Lake Denham,Lake,Burrowing Owl,778117,3,3,2138,"2 Car, plus Golf Car Garage",,28.75798712,-81.92695646,A,P,t04wzfHZyhY,250753
L62V.44,7180 FAY CT,The Village of Lake Denham,Lake,Cottage,225000,1,1,854,"1 Car, plus Golf Car Garage",,28.75838058,-81.93857155,A,P,,249648
L64V.9,7183 KURT PL,The Village of Lake Denham,Lake,Hillsdale,1115000,3,3,1896,"2 Car, plus Golf Car Garage",Swimming Pool,28.75803575,-81.93315869,A,P,,251270
L67V.23,7130 OVADA TER,The Village of Lake Denham,Lake,Emerald,359900,2,2,1280,"1 Car, plus Golf Car Garage",,28.75954693,-81.93033136,A,P,gZvmU2r-_h8,251151
L69V.13,953 RUHLMAN LOOP,The Village of Lake Denham,Lake,Ottawa,769900,3,3,1892,"2 Car, plus Golf Car Garage",,28.75737153,-81.92217666,A,P,841QBd71oCk,250876
L70V.27,1049 BRINER PL,The Village of Lake Denham,Lake,Charlotte,389814,3,2,1499,2 Car Garage,,28.75667813,-81.92496864,A,P,,251010
L70V.34,1085 BRINER PL,The Village of Lake Denham,Lake,Charlotte,399000,3,2,1499,2 Car Garage,,28.75675212,-81.92587196,A,P,0,249443
S122.334,733 CORDOVA CIR,The Village of Largo,Sumter,Gardenia,649900,3,2,2515,"2 Car, plus Golf Car Garage",,28.88032547,-81.96718088,A,P,kl26BnrNI8o,251112
S123.79,1025 DENTSVILLE LN,The Village of Largo,Sumter,Somerset,549000,3,2,2047,2 Car Garage,,28.88632123,-81.9757873,A,P,0,250162
S97.4,2056 DARLINGTON DR,The Village of Liberty Park,Sumter,Camellia,634900,3,2,1887,2 Car Garage,,28.88342133,-81.9869204,A,P,,251013
S98.3,1665 BLUFFTON RD,The Village of Liberty Park,Sumter,Austin,329900,2,2,1142,"1 Car, plus Golf Car Garage",,28.8782564,-81.9933881,A,P,,250787
S654.24,2011 THURMOND AVE,The Village of Liberty Park,Sumter,Colony,288000,2,2,1156,"1 Car, plus Golf Car Garage",,28.88454816,-81.9807524,A,P,,249930
S33V.27,5773 HENRY LOOP,The Village of Linden,Sumter,Indigo,529900,3,3,1860,"2 Car, plus Golf Car Garage",,28.79505506,-82.00132561,A,P,,250311
S43V.16,5936 STORMS AVE,The Village of Linden,Sumter,Aspen,849900,3,2,2131,"2 Car, plus Golf Car Garage",Swimming Pool,28.78898596,-82.00117941,A,P,jABwBB-BqMk,250295
S732.6,1976 STENERSON ST,The Village of Linden,Sumter,Winslow,499900,3,2,1806,"2 Car, plus Golf Car Garage",,28.79567138,-82.0021783,A,P,,251166
S734.23,1843 PASQUA PL,The Village of Linden,Sumter,Destin,440000,3,2,1791,2 Car Garage,,28.79599038,-81.99840625,A,P,,250813
S650.57,2452 UTICA WAY,The Village of Lynnhaven,Sumter,Colony,268500,2,2,1188,"1 Car, plus Golf Car Garage",,28.9133226,-82.01507888,A,P,,251238
S651.53,2689 CRAVEN WAY,The Village of Lynnhaven,Sumter,Colony,289000,2,2,1156,"1 Car, plus Golf Car Garage",,28.91387823,-82.0216691,A,P,0S3VW6alrEo,250233
S116.45,1568 EASTOVER TER,The Village of Mallory Square,Sumter,Cypress,419000,3,2,1861,2 Car Garage,,28.89504877,-81.96191848,A,P,,251192
S116.84,456 TROY LOOP,The Village of Mallory Square,Sumter,Lantana,479000,3,2,2000,2 Car Garage,,28.89434332,-81.95975185,A,P,hitqzrHQ3Pc,249713
S126.281,493 LITTLE RIVER PATH,The Village of Mallory Square,Sumter,Jasmine,399117,3,2,1517,2 Car Garage,,28.89093039,-81.96142791,A,P,,250961
S672.54,403 CARLISLE CT,The Village of Mallory Square,Sumter,Grantham,429850,3,2,1685,"1 Car, plus Golf Car Garage",,28.89660229,-81.95794582,A,P,CWSOjX9W2_8,250968
S20V.49,2322 DEMARCO DR,The Village of Marsh Bend,Sumter,Jasmine,439900,3,2,1569,,,28.80431051,-82.01131191,A,P,lNFzDe7Rksk,250698
S20V.56,5300 DYER CT,The Village of Marsh Bend,Sumter,Alder,415000,3,2,1539,2 Car Garage,,28.80426353,-82.01039984,A,P,,250955
S22V.13,2374 PALLADINO PL,The Village of Marsh Bend,Sumter,Hudson,585000,3,2,2034,"2 Car, plus Golf Car Garage",,28.80025373,-82.01309172,A,P,,251066
S22V.41,5422 ALFREDSON TER,The Village of Marsh Bend,Sumter,Jackson,549900,3,2,2339,"2 Car, plus Golf Car Garage",,28.8013405,-82.01331081,A,P,,248978
S29V.47,5060 SANWALD ST,The Village of Marsh Bend,Sumter,Jasmine,441000,3,2,1569,2 Car Garage,,28.81032026,-82.02453877,A,P,,250385
S725.30,5439 WEAVER AVE,The Village of Marsh Bend,Sumter,Sapphire,315000,2,2,1434,"1 Car, plus Golf Car Garage",,28.80109261,-82.01427813,A,P,,251168
S729.10,2430 MARJA ST,The Village of Marsh Bend,Sumter,Charlotte,557000,3,2,1484,2 Car Garage,,28.8110549,-82.01456383,A,P,,249747
S728.18,5019 PRISCILLA LOOP,The Village of Marsh Bend,Sumter,Charlotte,529000,3,2,1503,2 Car Garage,,28.81144709,-82.02202696,A,P,,250609
S728.20,5009 PRISCILLA LOOP,The Village of Marsh Bend,Sumter,Winslow,624900,3,2,1985,"2 Car, plus Golf Car Garage",,28.81170242,-82.0220899,A,P,I8ds-0F5FCU,250187
S726.4,2823 CADE CT,The Village of Marsh Bend,Sumter,Charlotte,587655,3,2,1484,3 Car Garage,,28.80511023,-82.02543042,A,P,urQYK3SRWfE,251057
S14V.65,5966 BRITTON DR,The Village of McClure,Sumter,Begonia,579900,3,2,2052,"2 Car, plus Golf Car Garage",,28.78834012,-82.01176139,A,P,,251148
S18V.22,2130 BILLER CIR,The Village of McClure,Sumter,Woodside,1200000,4,3.5,2769,"2 Car, plus Golf Car Garage",Swimming Pool,28.79792906,-82.00569655,A,P,,250472
S719.40,2096 SCHULZ WAY,The Village of McClure,Sumter,Winslow,672458,3,2,1743,2 Car Garage,,28.79548453,-82.00565739,A,P,,250519
S721.34,5621 LAINE TER,The Village of McClure,Sumter,Emerald,329316,3,2,1426,"1 Car, plus Golf Car Garage",,28.79659655,-82.00733736,A,P,,251281
S38V.55,1572 WILLIAMSON DR,The Village of Monarch Grove,Sumter,Mossy Oak,649000,3,3,1963,"2 Car, plus Golf Car Garage",,28.78781938,-81.99064798,A,P,,250736
S41V.63,6036 DIJULIO TER,The Village of Monarch Grove,Sumter,Maybury,730000,3,2,1906,"2 Car, plus Golf Car Garage",Swimming Pool,28.78638231,-82.00245563,A,P,,250860
S42V.30,5848 FLINT LOOP,The Village of Monarch Grove,Sumter,Iris,899000,3,2,1914,"2 Car, plus Golf Car Garage",Swimming Pool,28.79016103,-81.99651446,A,P,,249436
S736.15,1808 TRIMARCHE TER,The Village of Monarch Grove,Sumter,Arlington,444900,3,2,1633,2 Car Garage,,28.78845873,-81.99726646,A,P,,250547
S736.23,1774 TRIMARCHE TER,The Village of Monarch Grove,Sumter,Charlotte,552500,3,2,1484,2 Car Garage,Swimming Pool,28.78872937,-81.99619998,A,P,k4KI-WSaavw,249947
S740.21,1736 ARNOLD RD,The Village of Monarch Grove,Sumter,Ruby,315000,2,2,1148,"1 Car, plus Golf Car Garage",,28.78514918,-81.99528335,A,P,,250930
S740.50,1711 ARNOLD RD,The Village of Monarch Grove,Sumter,Vineyard,254900,2,1,1073,"1 Car, plus Golf Car Garage",,28.78557697,-81.99464134,A,P,,250764
S738.10,6052 BUDNY AVE,The Village of Monarch Grove,Sumter,Opal,289000,2,2,1227,"1 Car, plus Golf Car Garage",,28.78621427,-82.00108973,A,P,,249986
S202V.31,7890 KATIE KEITH LOOP,The Village of Moultrie Creek,Sumter,St. Lawrence,849900,3,3,2308,2 Car Garage,,28.74072871,-82.00032789,A,P,https://fir,251170
S202V.32,7896 KATIE KEITH LOOP,The Village of Moultrie Creek,Sumter,Whip-Poor-Will,549000,3,2,1476,2 Car Garage,,28.74060591,-82.00020107,A,P,oPw38CuvgWs,251135
S202V.35,7934 KATIE KEITH LOOP,The Village of Moultrie Creek,Sumter,Starling,625000,3,2,2043,"2 Car, plus Golf Car Garage",,28.7401969,-82.00014884,A,P,,251276
S205V.28,1996 VERI LOOP,The Village of Moultrie Creek,Sumter,Spoonbill,849500,3,2,1956,"2 Car, plus Golf Car Garage",Swimming Pool,28.74578148,-82.00180331,A,P,,251253
S210V.15,1979 MCMURTRIE LOOP,The Village of Moultrie Creek,Sumter,Starling,1149000,3,2,2117,"2 Car, plus Golf Car Garage",Swimming Pool,28.74743966,-82.00009573,A,P,24UdZBu5qNE,250601
S215V.100,7546 BECKY CT,The Village of Moultrie Creek,Sumter,Wisteria,409900,3,2,1564,2 Car Garage,,28.74982299,-81.99603414,A,P,GyYfBwPHtYg,249425
S217V.19,1621 MCMURTRIE LOOP,The Village of Moultrie Creek,Sumter,Osprey,1295000,3,2.5,2114,,,28.74742775,-81.99395377,A,P,,250989
S217V.27,1659 MCMURTRIE LOOP,The Village of Moultrie Creek,Sumter,Mockingbird,950000,3,2,1959,"2 Car, plus Golf Car Garage",Swimming Pool,28.74902474,-81.99423384,A,P,uUeSjVigwfw,250946
S217V.57,1734 JOHN BLAKE LN,The Village of Moultrie Creek,Sumter,Sassafras,369900,3,2,1419,2 Car Garage,,28.74717881,-81.99486374,A,P,,251235
S203V.6,7781 GRIFFIN LN,The Village of Moultrie Creek,Sumter,Raleigh,499000,3,2,1497,2 Car Garage,,28.74344638,-81.99985026,A,P,,250369
S206V.18,1794 CRANE DORAN PL,The Village of Moultrie Creek,Sumter,Jackson,965000,3,2,2335,"2 Car, plus Golf Car Garage",,28.74318048,-81.99651222,A,P,,251184
S206V.48,7755 BRIAN ETHEREDGE WAY,The Village of Moultrie Creek,Sumter,Hillsdale,539900,3,3,1924,"2 Car, plus Golf Car Garage",,28.74458665,-81.99710311,A,P,,250940
S214V.8,7474 BOYSO TER,The Village of Moultrie Creek,Sumter,Emerald,309000,3,2,1440,"1 Car, plus Golf Car Garage",,28.75180238,-81.9949679,A,P,,249282
S214V.13,7454 BOYSO TER,The Village of Moultrie Creek,Sumter,Moonstone,299999,2,2,1310,"1 Car, plus Golf Car Garage",,28.75220131,-81.99448066,A,P,,250286
S214V.18,1697 BATTERBEE DR,The Village of Moultrie Creek,Sumter,Ruby,309000,2,2,1170,"1 Car, plus Golf Car Garage",,28.75179617,-81.99375227,A,P,DeY7wOZBf7Q,250824
S213V.22,1685 CADORETTE DR,The Village of Moultrie Creek,Sumter,Avondale,499900,3,2,1696,"2 Car, plus Golf Car Garage",,28.75409573,-81.99363977,A,P,,251141
S213V.39,1617 CADORETTE DR,The Village of Moultrie Creek,Sumter,Charlotte,399900,3,2,1497,2 Car Garage,,28.75299131,-81.99168814,A,P,SClbjUW56xw,251160
S213V.60,1681 STRUTHERS LN,The Village of Moultrie Creek,Sumter,Charlotte,550000,3,2,1497,2 Car Garage,Swimming Pool,28.75308773,-81.99343796,A,P,,250148
S212V.57,1874 TIMON ST,The Village of Moultrie Creek,Sumter,Cottage,224555,1,1,854,"1 Car, plus Golf Car Garage",,28.748357,-81.99878296,A,P,,250012
S212V.58,1870 TIMON ST,The Village of Moultrie Creek,Sumter,Hideaway,274000,2,2,1039,"1 Car, plus Golf Car Garage",,28.74836387,-81.99864851,A,P,,249488
L41V.69,6358 BRIDGET AVE,The Village of Newell,Lake,Mossy Oak,559000,3,3,1923,"2 Car, plus Golf Car Garage",,28.77838592,-81.95017779,A,P,,249407
L41V.96,6476 BRIDGET AVE,The Village of Newell,Lake,Egret,949000,3,2,2336,3 Car Garage,,28.77584947,-81.9473786,A,P,,250816
L48V.73,6695 GARNER PATH,The Village of Newell,Lake,Hummingbird,549900,4,2,2012,2 Car Garage,,28.77053261,-81.94352292,A,P,,251083
L49V.63,6412 MCKNIGHT LOOP,The Village of Newell,Lake,Lantana,640000,3,2,2031,"2 Car, plus Golf Car Garage",,28.77715629,-81.95058608,A,P,,251229
L49V.84,2053 CHRISTIANS CT,The Village of Newell,Lake,Mockingbird,629000,3,2,1954,"2 Car, plus Golf Car Garage",,28.77596107,-81.9524797,A,P,,249869
L51V.89,6714 NEWELL LOOP,The Village of Newell,Lake,Bluebird,429900,3,2,1711,"2 Car, plus Golf Car Garage",,28.76887031,-81.94913993,A,P,,250861
L53V.3,6647 MARY LOOP,The Village of Newell,Lake,Seabreeze-V,399900,3,2,1525,2 Car Garage,,28.77089375,-81.95167743,A,P,d7ctWQmAjz8,250242
S173V.15,6298 KEENAN CT,The Village of Oak Hollow,Sumter,Heron-C,875000,3,2,1966,"2 Car, plus Golf Car Garage",,28.78018638,-81.98917049,A,P,,251199
S188V.7,1727 CRAIG CT,The Village of Oak Hollow,Sumter,St. Lawrence II-C,1099997,3,2,2290,"2 Car, plus Golf Car Garage",,28.7711342,-81.99484765,A,P,C33FibjL1Xk,251140
S189V.13,6680 BARBARA PL,The Village of Oak Hollow,Sumter,Anchor-V,356144,3,2,1537,2 Car Garage,,28.77109612,-81.99821898,A,P,,251182
S189V.14,6674 BARBARA PL,The Village of Oak Hollow,Sumter,Sun Kissed-V,340900,3,2,1392,2 Car Garage,,28.77123307,-81.99832347,A,P,H72RSvkaZiE,250805
S182V.47,1539 LITTLETON LN,The Village of Oak Hollow,Sumter,Hudson,825000,3,2,1953,"2 Car, plus Golf Car Garage",Swimming Pool,28.77285628,-81.98978065,A,P,,250734
S190V.13,1792 EMMIT TER,The Village of Oak Hollow,Sumter,Hudson,749000,3,2,1953,"2 Car, plus Golf Car Garage",,28.7703316,-81.99675369,A,P,X4wA344vPEA,250994
L1.48,1027 ALOHA WAY,The Village of Orange Blossom Gardens,Lake,Manufactured Home,269900,2,2,1388,"1 Car, plus Golf Car Garage",,28.94660572,-81.94724296,A,P,,250430
L1.60,1311 PARADISE DR,The Village of Orange Blossom Gardens,Lake,Manufactured Home,248900,2,2,1138,,,28.94517897,-81.94826839,A,P,,249878
S193.46,4290 DESKIN LN,The Village of Osceola Hills,Sumter,Iris,499000,3,2,1966,"2 Car, plus Golf Car Garage",,28.82796534,-81.96082009,A,P,,250869
S193.101,4217 VAPOR CT,The Village of Osceola Hills,Sumter,Begonia,485000,3,2,1890,"2 Car, plus Golf Car Garage",,28.83074317,-81.95927542,A,P,,250064
S194.40,4350 SPRINGDALE PATH,The Village of Osceola Hills,Sumter,Begonia,747700,3,2,2024,"2 Car, plus Golf Car Garage",,28.82642553,-81.96638298,A,P,,251205
S958.41,639 VAGABOND ST,The Village of Osceola Hills,Sumter,Colony,312500,2,2,1156,"1 Car, plus Golf Car Garage",,28.83243635,-81.96464073,A,P,MCdPdfu5U6U,250921
S958.54,604 YBOR LN,The Village of Osceola Hills,Sumter,Colony,310000,2,2,1156,"1 Car, plus Golf Car Garage",,28.83237867,-81.96377737,A,P,,249563
S958.58,618 YBOR LN,The Village of Osceola Hills,Sumter,Cabot Cove,299900,2,2,1188,"1 Car, plus Golf Car Garage",,28.83256508,-81.96424002,A,P,,251121
S166.112,1972 ASHWOOD RUN,The Village of Pennecamp,Sumter,Tuckett Inn,364900,3,2,1467,"1 Car, plus Golf Car Garage",,28.88941412,-82.00023188,A,P,,250973
S166.118,2004 ASHWOOD RUN,The Village of Pennecamp,Sumter,Tuckett Inn,347711,3,2,1450,"1 Car, plus Golf Car Garage",,28.88940705,-82.0013636,A,P,,250535
S168.22,1839 LAKE RIDGE DR,The Village of Pennecamp,Sumter,Williamsburg,950000,3,2,2588,3 Car Garage,,28.8913681,-81.99939175,A,P,,251100
S821.50,2230 MOSSY OAK DR,The Village of Pennecamp,Sumter,Cabot Cove,319000,2,2,1190,"1 Car, plus Golf Car Garage",,28.89169221,-82.00893206,A,P,,249957
S809.16,1921 FIDDLEWOOD PL,The Village of Pennecamp,Sumter,Siesta,414500,3,2,1392,"1 Car, plus Golf Car Garage",,28.88916089,-82.00034784,A,P,t9tC22vQVRs,250956
M44.301,17835 SE 88TH GRIMBALL AVE,The Village of Piedmont,Marion,Whispering Pine,315000,3,2,1600,2 Car Garage,,28.96268765,-82.00734308,A,P,,250602
M217.37,17498 SE 82ND ROSLYN CT,The Village of Piedmont,Marion,Cabot Cove,449900,2,2,1539,"1 Car, plus Golf Car Garage",Swimming Pool,28.96756651,-82.0164117,A,P,,250712
M217.62,17435 SE 82ND ROSLYN CT,The Village of Piedmont,Marion,Colony,269900,2,2,1163,"1 Car, plus Golf Car Garage",,28.96839744,-82.01617978,A,P,,250724
L29.11,3238 PETERSON PL,The Village of Pine Hills,Lake,Zinnia,549000,3,3,2324,"2 Car, plus Golf Car Garage",,28.85456774,-81.9375939,A,P,,249428
L29.12,3239 PETERSON PL,The Village of Pine Hills,Lake,Iris,489900,3,2,1924,"2 Car, plus Golf Car Garage",,28.85458063,-81.93714258,A,P,,250957
L30.46,3241 KNOWLTON AVE,The Village of Pine Hills,Lake,Sunflower,429900,3,2,1937,"2 Car, plus Golf Car Garage",,28.85451288,-81.93969583,A,P,ZS1OaEZRHpA,250905
L30.60,3291 IIAMS CT,The Village of Pine Hills,Lake,Bayberry,499900,3,3,1892,"2 Car, plus Golf Car Garage",,28.85323465,-81.93903544,A,P,,249456
L31.97,3457 CONSERVATION TRL,The Village of Pine Hills,Lake,Seabrook,1349000,3,2.5,3825,"2 Car, plus Golf Car Garage",Swimming Pool,28.84920782,-81.9379476,A,P,lSAEP-mtmCM,250749
L31.118,3457 BORROWMAN AVE,The Village of Pine Hills,Lake,Augusta,1895000,3,2,2587,"2 Car, plus Golf Car Garage",Swimming Pool,28.84915131,-81.93613115,A,P,,250346
L33.45,935 VAUGHN WAY,The Village of Pine Hills,Lake,Aspen,429000,3,2,1970,2 Car Garage,,28.85001032,-81.94289204,A,P,,251257
L33.125,942 KOLLER CT,The Village of Pine Hills,Lake,Begonia,449000,3,2,1807,"2 Car, plus Golf Car Garage",,28.84909771,-81.94343925,A,P,,250214
L33.138,963 KOLLER CT,The Village of Pine Hills,Lake,Gardenia,494500,3,2,1967,"2 Car, plus Golf Car Garage",,28.84907875,-81.9442343,A,P,,250191
L33.158,963 HART DR,The Village of Pine Hills,Lake,Elm,498500,3,2,2024,"2 Car, plus Golf Car Garage",,28.84979068,-81.94434432,A,P,B_L1OwkW7I8,251267
L34.99,3336 MCCABE ST,The Village of Pine Hills,Lake,Creekwood,530000,3,2,2041,"2 Car, plus Golf Car Garage",,28.85214471,-81.94419084,A,P,2FUTtWtHv9Y,250166
L27.13,3091 KRAMER CT,The Village of Pine Ridge,Lake,Iris,475000,3,2,2038,"2 Car, plus Golf Car Garage",,28.85826137,-81.93629653,A,P,,251129
L36.75,3177 WEBSTER WAY,The Village of Pine Ridge,Lake,Lily,639000,3,2,1926,3 Car Garage,,28.85630094,-81.94583131,A,P,,250916
L36.92,3161 DRESSENDORFER DR,The Village of Pine Ridge,Lake,Sunflower,419900,3,2,1907,"2 Car, plus Golf Car Garage",,28.85657772,-81.94694714,A,P,,249861
L36.108,3217 WEBSTER WAY,The Village of Pine Ridge,Lake,Sun Kissed,399000,3,2,1392,"2 Car, plus Golf Car Garage",,28.85523026,-81.94528534,A,P,,250995
L38.47,3127 HUTCHESON WAY,The Village of Pine Ridge,Lake,Gardenia,679000,3,2,2373,"2 Car, plus Golf Car Garage",,28.85766144,-81.9486044,A,P,,250462
S224.33,2849 APACHE CT,The Village of Pinellas,Sumter,Lantana,849900,3,2,2013,"2 Car, plus Golf Car Garage",,28.864489,-82.0046318,A,P,qqfaNs7g9eM,250849
S224.159,2018 USEPPA OAKS LN,The Village of Pinellas,Sumter,Gardenia,529000,3,2,2017,"2 Car, plus Golf Car Garage",,28.86271527,-82.00321961,A,P,f1B50eKgA2w,250793
S225.37,1941 ALTAIR PATH,The Village of Pinellas,Sumter,Boxwood,1100000,3,2,2178,"2 Car, plus Golf Car Garage",Swimming Pool,28.85908979,-82.00369669,A,P,,251098
S225.99,2056 ALTAIR PATH,The Village of Pinellas,Sumter,Holly,534900,3,2,2135,2 Car Garage,,28.85996667,-82.00243308,A,P,,250644
S229.41,2974 BUTTERCUP WAY,The Village of Pinellas,Sumter,Begonia,499900,3,2,1900,"2 Car, plus Golf Car Garage",,28.86106275,-82.01629453,A,P,,251005
S100.83,1767 HAGOOD LOOP,The Village of Poinciana,Sumter,Jasmine,399000,3,2,1535,2 Car Garage,,28.89054513,-81.99427694,A,P,,249402
S660.22,2053 BONHAM LN,The Village of Poinciana,Sumter,Stoneybrook,554000,3,2,1612,"1 Car, plus Golf Car Garage",,28.88354872,-81.99021483,A,P,,250766
S35.22,3333 WOODRIDGE DR,The Village of Polo Ridge,Sumter,Stetson III,349000,3,2,1392,2 Car Garage,,28.93450871,-82.0101462,A,P,,251035
S35.78,3243 MANSFIELD ST,The Village of Polo Ridge,Sumter,About Time,297711,2,2,1156,"1 Car, plus Golf Car Garage",,28.93091054,-82.00917612,A,P,,251130
S35.111,3224 WILLIAMS RD,The Village of Polo Ridge,Sumter,Amarillo,479000,3,2,1527,2 Car Garage,Swimming Pool,28.9325316,-82.00784251,A,P,datypJPIKHA,250912
S608.62,3121 ARCHER AVE,The Village of Polo Ridge,Sumter,Richmond,499000,2,2,1316,"1 Car, plus Golf Car Garage",,28.93670083,-82.00471188,A,P,,250132
S608.101,876 WINCHESTER CT,The Village of Polo Ridge,Sumter,Mazatlan,350000,2,2,1116,"1 Car, plus Golf Car Garage",,28.93588847,-82.00592875,A,P,,250872
S104V.5,4416 STONY RUN,The Village of Richmond,Sumter,Zinnia,1075000,3,3,1983,3 Car Garage,Swimming Pool,28.82595879,-82.01906607,A,P,,250913
S105V.110,2627 MAYMONT CT,The Village of Richmond,Sumter,Oriole,535000,3,3,1869,"2 Car, plus Golf Car Garage",,28.82350919,-82.02007784,A,P,,250987
S105V.145,4418 SHOCKOE CIR,The Village of Richmond,Sumter,Jasmine,409000,3,2,1569,2 Car Garage,,28.82607144,-82.02244821,A,P,,251086
S110V.2,4178 BURGESS DR,The Village of Richmond,Sumter,Bridgeport,799900,3,2.5,2125,3 Car Garage,,28.82966415,-82.028822,A,P,,251282
S110V.21,2901 OSBORNE ST,The Village of Richmond,Sumter,Loblolly,389999,3,2,1516,2 Car Garage,,28.83263168,-82.02765863,A,P,bWjonPWhVMM,249672
S110V.27,2861 OSBORNE ST,The Village of Richmond,Sumter,Sassafras,379900,3,2,1419,,,28.83294394,-82.02656773,A,P,,250985
S110V.66,2834 CHIMBORAZO WAY,The Village of Richmond,Sumter,Ivy,895000,4,2,2590,3 Car Garage,,28.8310194,-82.02591825,A,P,,250653
S110V.120,2795 CHIMBORAZO WAY,The Village of Richmond,Sumter,Begonia,599999,3,2,2033,"2 Car, plus Golf Car Garage",,28.83008139,-82.02640402,A,P,,249799
S115V.52,2636 QUELLY RD,The Village of Richmond,Sumter,Gilchrist-C,425000,3,2,1336,2 Car Garage,,28.83176207,-82.02023099,A,P,,249623
S106V.5,4332 CAMEO CIR,The Village of Richmond,Sumter,Anchor-V,429900,3,2,1527,2 Car Garage,,28.82648858,-82.02557468,A,P,,249405
S108V.2,2944 DORIS CT,The Village of Richmond,Sumter,Ruby,289900,2,2,1148,"1 Car, plus Golf Car Garage",,28.82896028,-82.0285656,A,P,,250532
S109V.28,4212 MALVERN CT,The Village of Richmond,Sumter,Belleville,495000,3,2,1554,2 Car Garage,,28.83085406,-82.02842686,A,P,,249828
S114V.2,3987 MANCHESTER AVE,The Village of Richmond,Sumter,Emerald,339900,3,2,1440,"1 Car, plus Golf Car Garage",,28.83631455,-82.02559965,A,P,miAr3mY_zTI,250531
S114V.15,3943 MUNFORD TER,The Village of Richmond,Sumter,Moonstone,328700,2,2,1295,"1 Car, plus Golf Car Garage",,28.83751928,-82.02492924,A,P,,250211
S113V.8,3102 MONUMENT WAY,The Village of Richmond,Sumter,Charlotte,429900,3,2,1492,2 Car Garage,,28.83413805,-82.03281941,A,P,4d3eUG6IOdg,251214
S113V.11,3116 MONUMENT WAY,The Village of Richmond,Sumter,Montclair,434800,3,2,1647,2 Car Garage,,28.83413886,-82.03320983,A,P,,250201
S113V.27,3135 FOUSHEE LOOP,The Village of Richmond,Sumter,Charlotte,525900,3,2,1492,2 Car Garage,,28.83499355,-82.03347307,A,P,,250743
S142V.8,4092 BOATWRIGHT AVE,The Village of Richmond,Sumter,Maybury,1200000,3,2,1931,3 Car Garage,Swimming Pool,28.83403503,-82.02003841,A,P,,251198
S175.135,664 ALWICK WAY,The Village of Sanibel,Sumter,Holly,468999,3,2,2071,2 Car Garage,,28.86147877,-81.9653123,A,P,6XowyR1kc1o,248874
S950.19,594 FINESSE ST,The Village of Sanibel,Sumter,Fairmont,399000,3,2,1570,"1 Car, plus Golf Car Garage",,28.85595005,-81.96344813,A,P,,250668
S950.20,588 FINESSE ST,The Village of Sanibel,Sumter,Charlotte,395000,3,2,1416,"1 Car, plus Golf Car Garage",,28.85592422,-81.96330325,A,P,WFc54uhayGc,251169
S219V.71,1411 COWART CIR,The Village of Shady Brook,Sumter,Mockingbird-C,474900,3,2,1959,"2 Car, plus Golf Car Garage",,28.74605334,-81.9860194,A,P,vR29RqSst7I,250640
S219V.95,7711 CHRIS CORLEY LOOP,The Village of Shady Brook,Sumter,Mockingbird-F,440000,3,2,1959,"2 Car, plus Golf Car Garage",,28.74538592,-81.99057536,A,P,,251149
S221V.17,1574 JONATHAN WAY,The Village of Shady Brook,Sumter,Tide Pool,354000,3,2,1295,,,28.74635557,-81.99033603,A,P,RyxSx0uwO68,251106
S221V.37,7687 WOODLEY TER,The Village of Shady Brook,Sumter,Seabreeze,349900,3,2,1505,2 Car Garage,,28.74633814,-81.9912119,A,P,,250645
S222V.23,8010 JOEDY CARTER PATH,The Village of Shady Brook,Sumter,Starling,1225000,3,2,1993,"2 Car, plus Golf Car Garage",Swimming Pool,28.73810535,-81.99125764,A,P,,250717
S225V.34,7886 GOLDBERGER LN,The Village of Shady Brook,Sumter,Maybury,599999,3,2,1931,3 Car Garage,,28.7411965,-81.99222041,A,P,,250626
S226V.38,7914 CARMEN RENE WAY,The Village of Shady Brook,Sumter,Woodstar,449900,3,2,1880,2 Car Garage,,28.74111175,-81.98879673,A,P,0C2TXJsScAA,251232
S227V.3,7622 FRANK DIPIETRO DR,The Village of Shady Brook,Sumter,Whip-Poor-Will,619000,3,2,1476,"2 Car, plus Golf Car Garage",,28.74771552,-81.99277422,A,P,,250882
S227V.7,7602 FRANK DIPIETRO DR,The Village of Shady Brook,Sumter,Robin,1230000,4,3,2378,"2 Car, plus Golf Car Garage",Swimming Pool,28.74850396,-81.99289038,A,P,,251203
S227V.30,7468 FRANK DIPIETRO DR,The Village of Shady Brook,Sumter,Sanderling,1199000,4,3,2352,"2 Car, plus Golf Car Garage",Swimming Pool,28.74931281,-81.99090053,A,P,sAOfEQStKl4,250795
S227V.43,1641 KAREN PERKINS ST,The Village of Shady Brook,Sumter,Wisteria,374900,3,2,1564,2 Car Garage,,28.74807781,-81.99235531,A,P,,250947
S227V.71,7551 DANIEL COLLINS CT,The Village of Shady Brook,Sumter,Chickadee,411500,3,2,1439,2 Car Garage,,28.74966823,-81.99183787,A,P,,251094
S229V.78,7572 DANIEL HEARNS WAY,The Village of Shady Brook,Sumter,Pebble Beach,370000,3,2,1431,2 Car Garage,,28.74878752,-81.98743057,A,P,,250852
S240V.26,1612 YOLANDA LN,The Village of Shady Brook,Sumter,Oriole,698500,3,3,1875,"2 Car, plus Golf Car Garage",Swimming Pool,28.75389277,-81.99195451,A,P,,250597
S239V.33,7418 GATES LN,The Village of Shady Brook,Sumter,Garnet,339500,2,2,1257,"1 Car, plus Golf Car Garage",,28.75296608,-81.98835282,A,P,,251068
S220V.3,1564 FERRY PL,The Village of Shady Brook,Sumter,Topaz,289500,2,2,1209,2 Car Garage,,28.74845728,-81.99028476,A,P,TrSIzdbdwOQ,249564
S220V.48,1553 FERRY PL,The Village of Shady Brook,Sumter,Garnet,310000,2,2,1257,"1 Car, plus Golf Car Garage",,28.74891685,-81.99038531,A,P,,249318
S220V.61,7665 CHERYL CT,The Village of Shady Brook,Sumter,Cottage,225000,1,1,854,"1 Car, plus Golf Car Garage",,28.74689607,-81.9900466,A,P,,251304
S218V.22,1456 MESSER AVE,The Village of Shady Brook,Sumter,Charlotte,519900,3,2,1497,2 Car Garage,,28.74391179,-81.98728343,A,P,,250723
S218V.45,1467 MESSER AVE,The Village of Shady Brook,Sumter,Avondale,775000,3,2,1696,"2 Car, plus Golf Car Garage",Swimming Pool,28.74444084,-81.98721473,A,P,M2ilOsb2XXk,250853
L3.95,916 BEECHWOOD AVE,The Village of Silver Lake,Lake,Manufactured Home,229900,4,2,1344,,,28.9416934,-81.9429925,A,P,,249906
L3.238,832 SILVER OAK AVE,The Village of Silver Lake,Lake,Manufactured Home,209500,2,2,1567,,,28.94640634,-81.94130407,A,P,,249719
L3.290,818 BEECHWOOD AVE,The Village of Silver Lake,Lake,Paradise Found,264900,2,2,1092,"1 Car, plus Golf Car Garage",,28.94289792,-81.94137391,A,P,,249792
L3.361,708 ROYAL PALM AVE,The Village of Silver Lake,Lake,Manufactured Home,159900,2,2,1008,,,28.94399356,-81.93820376,A,P,eiSyRoPZ-iA,250689
L4.425,921 TARRSON BLVD,The Village of Silver Lake,Lake,Manufactured Home,239900,2,2,1284,,,28.9426158,-81.94488413,A,P,,250364
L4.506,725 SHARON DR,The Village of Silver Lake,Lake,Manufactured Home,184900,2,2,1040,,,28.94042351,-81.93993787,A,P,,251144
L5.662,715 JASON DR,The Village of Silver Lake,Lake,Manufactured Home,189900,2,2,960,,,28.94123419,-81.93897667,A,P,,250691
L5.718,1107 DUSTIN DR,The Village of Silver Lake,Lake,Manufactured Home,160000,2,2,1092,,,28.94200528,-81.93713383,A,P,,250391
L6.851,603 TARRSON BLVD,The Village of Silver Lake,Lake,Manufactured Home,159900,2,2,1040,,,28.93862421,-81.93386324,A,P,,251077
L6.858,1013 ANN AVE,The Village of Silver Lake,Lake,Manufactured Home,210000,2,2,1040,,,28.93933694,-81.9333723,A,P,,251299
L6.871,609 TARRSON BLVD,The Village of Silver Lake,Lake,Manufactured Home,209900,2,2,1295,,,28.93872058,-81.93488886,A,P,,249791
L6.925,536 JASON DR,The Village of Silver Lake,Lake,Manufactured Home,179900,2,2,960,,,28.9408613,-81.93363081,A,P,,250767
L6.965,426 TARRSON BLVD,The Village of Silver Lake,Lake,Manufactured Home,185000,2,2,1092,,,28.93936321,-81.92894249,A,P,,251109
L6.1065,1006 PARKER PL,The Village of Silver Lake,Lake,Manufactured Home,212400,2,2,1144,,,28.94001347,-81.92995654,A,P,,250221
L12.2892,1319 E SCHWARTZ BLVD,The Village of Silver Lake,Lake,Manufactured Home,179900,2,2,1144,,,28.94497747,-81.93418378,A,P,,251138
L12.2936,1216 E SCHWARTZ BLVD,The Village of Silver Lake,Lake,Daytona,219000,2,2,1120,,,28.94305212,-81.93053938,A,P,,251212
L12.3000,729 TANGERINE DR,The Village of Silver Lake,Lake,Manufactured Home,214900,2,2,1436,,,28.94762738,-81.9402528,A,P,,250855
L12.3038,661 RAINBOW BLVD,The Village of Silver Lake,Lake,Manufactured Home,279500,2,2,1352,,,28.94566842,-81.93827453,A,P,,251298
L12.3070,537 RAINBOW BLVD,The Village of Silver Lake,Lake,Manufactured Home,199000,2,2,1478,,,28.94205636,-81.93478501,A,P,,250218
L103.39,1055 AVENIDA SONOMA,The Village of Spanish Springs,Lake,Renata,485000,3,2.5,2244,"1 Car, plus Golf Car Garage",,28.93811883,-81.94964796,A,P,JJy-D5lDie0,250377
M53.66,17507 SE 88TH COVINGTON CIR,The Village of Springdale,Marion,Natchez,624000,3,2,2593,"2 Car, plus Golf Car Garage",,28.96662066,-82.00646314,A,P,oIskgTrtDZg,250212
M53.80,17640 SE 86TH BRIARCLIFFE CT,The Village of Springdale,Marion,Natchez,699000,3,2,2293,3 + Car Garage,,28.96572722,-82.00954985,A,P,1MlRF3Zj02E,249505
M53.110,17574 SE 88TH COVINGTON CIR,The Village of Springdale,Marion,Natchez,849000,3,2,2293,3 Car Garage>..<3 + Car Garage,,28.96469605,-82.00842498,A,P,,250474
M46.38,17671 SE 90TH CLEMSON CIR,The Village of Springdale,Marion,Live Oak,549900,3,2,2090,"2 Car, plus Golf Car Garage",,28.96421501,-82.00701918,A,P,,251177
M46.44,17609 SE 90TH CLEMSON CIR,The Village of Springdale,Marion,Hibiscus,365000,3,2,1917,,,28.96409895,-82.0056835,A,P,,251117
M48.1,17608 SE 92ND GRANTHAM TER,The Village of Springdale,Marion,Whispering Pine,365900,3,2,1500,2 Car Garage,,28.96590662,-82.00028247,A,P,,250417
S48V.86,5786 MARUSEK AVE,The Village of St. Catherine,Sumter,Sassafras,350000,3,2,1419,2 Car Garage,,28.79259262,-81.97457305,A,P,,251028
S48V.92,5823 NICKSIC CT,The Village of St. Catherine,Sumter,Indigo,524900,3,2,1869,"2 Car, plus Golf Car Garage",,28.79171743,-81.97459138,A,P,,251287
S49V.115,5692 UMLAND LN,The Village of St. Catherine,Sumter,Mossy Oak,674900,3,3,1905,"2 Car, plus Golf Car Garage",,28.79497435,-81.96708731,A,P,EpLAGTgDd8g,250370
S51V.125,5686 ALTMAN CT,The Village of St. Catherine,Sumter,Begonia,579000,3,2,2048,"2 Car, plus Golf Car Garage",,28.7950081,-81.96455937,A,P,6pNgUaJ5xZ4,250684
S54V.22,5883 ESTES RUN,The Village of St. Catherine,Sumter,Ottawa,699117,3,3,1901,"2 Car, plus Golf Car Garage",,28.79029871,-81.95988719,A,P,,250893
S56V.65,5867 ROUDELL WAY,The Village of St. Catherine,Sumter,Linden,1248000,3,3,1979,"2 Car, plus Golf Car Garage",Swimming Pool,28.79054499,-81.962056,A,P,F1zTuawCAA0,250622
S62V.57,5768 KATHLEEN LN,The Village of St. Catherine,Sumter,Charlotte,499900,3,2,1588,2 Car Garage,,28.7932984,-81.97108127,A,P,,250591
S148.4,1836 DUTCHESS LOOP,The Village of St. Charles,Sumter,Wisteria,399900,3,2,1560,2 Car Garage,,28.87779105,-81.99408505,A,P,m1PXXBS41Gg,250449
S148.6,1824 DUTCHESS LOOP,The Village of St. Charles,Sumter,Wisteria,429000,3,2,1512,2 Car Garage,,28.87809409,-81.99434732,A,P,,250067
S150.37,2323 FOGGY BROOK LOOP,The Village of St. Charles,Sumter,Begonia,499000,3,2,1896,"2 Car, plus Golf Car Garage",,28.88047443,-81.99955597,A,P,JOEfaKUvYCI,250656
S150.89,2087 DOVE HOLLOW RUN,The Village of St. Charles,Sumter,Jasmine,428400,3,2,1541,2 Car Garage,,28.88271276,-81.9983851,A,P,,251286
S823.45,1850 ORANGE CT,The Village of St. Charles,Sumter,Colony,315500,2,2,1156,"1 Car, plus Golf Car Garage",,28.8790571,-81.99745096,A,P,,250828
S815.26,1867 ENDSLEY CT,The Village of St. Charles,Sumter,Cabot Cove,292000,2,2,1188,"1 Car, plus Golf Car Garage",,28.88004477,-81.99875728,A,P,,251146
S151.80,1926 YANKEE CLIPPER RUN,The Village of St. James,Sumter,Aster,555000,3,3,2112,2 Car Garage,,28.8739091,-81.99925939,A,P,,250785
S152.113,1823 BARKSDALE DR,The Village of St. James,Sumter,Iris,498000,3,2,1965,"2 Car, plus Golf Car Garage",,28.87166218,-81.99794119,A,P,TnAboS_QkYM,250858
S827.19,2485 YALAHA AVE,The Village of St. James,Sumter,Bonifay,394700,3,2,1416,"1 Car, plus Golf Car Garage",,28.87300439,-82.00213374,A,P,hMZAIejpesk,250598
S813.48,2050 FAIRVIEW LN,The Village of St. James,Sumter,Colony,300000,2,2,1156,"1 Car, plus Golf Car Garage",,28.87165163,-82.00407733,A,P,,250432
S102V.33,4617 CYNTHIA ST,The Village of St. Johns,Sumter,Laurel Oak-10,924000,3,2,2446,"2 Car, plus Golf Car Garage",Swimming Pool,28.82116402,-82.01629447,A,P,kDHafDhwCUA,251011
S103V.28,2604 DREW CIR,The Village of St. Johns,Sumter,Tall Pine,399000,3,2,1459,2 Car Garage,,28.8226982,-82.01789615,A,P,,251060
S103V.37,4515 BIGGS PL,The Village of St. Johns,Sumter,Laurel Oak,1425000,3,2.5,2342,3 Car Garage,Swimming Pool,28.82368221,-82.01640217,A,P,,251248
S96V.38,5453 STALEY ST,The Village of St. Johns,Sumter,Avondale,505000,3,2,1696,"2 Car, plus Golf Car Garage",,28.80086562,-81.99073423,A,P,Dg8M46K4d6E,249931
S96V.50,5450 LACROIX TER,The Village of St. Johns,Sumter,Durham,349800,2,2,1299,2 Car Garage,,28.80079113,-81.99167443,A,P,Uwe7ZphKNJg,250999
S96V.70,1660 GALLOWAY DR,The Village of St. Johns,Sumter,Durham,354800,2,2,1299,2 Car Garage,,28.80004307,-81.99368732,A,P,,250904
S97V.16,1997 FRASER CT,The Village of St. Johns,Sumter,Montclair,539800,3,2,1647,2 Car Garage,,28.80560259,-82.00240938,A,P,,251136
S97V.34,1966 DETWILER LN,The Village of St. Johns,Sumter,Durham,359900,2,2,1299,2 Car Garage,,28.80439527,-82.001979,A,P,,250936
S97V.35,1962 DETWILER LN,The Village of St. Johns,Sumter,Charlotte,399000,3,2,1492,2 Car Garage,,28.80430573,-82.00188717,A,P,,251033
S100V.17,4838 NOREEN CT,The Village of St. Johns,Sumter,Moonstone,318500,2,2,1295,"1 Car, plus Golf Car Garage",,28.81547506,-82.01440143,A,P,,250941
S100V.33,2363 ELIN PL,The Village of St. Johns,Sumter,Emerald,311900,2,2,1280,"1 Car, plus Golf Car Garage",,28.81544786,-82.01276917,A,P,,250570
S100V.38,4850 ANGELA AVE,The Village of St. Johns,Sumter,Topaz,299500,2,2,1223,2 Car Garage,,28.81547603,-82.0133783,A,P,,249570
S67.98,982 KINGMONT TER,The Village of Summerhill,Sumter,Amarillo,334900,3,2,1392,2 Car Garage,,28.93771745,-82.00939317,A,P,,250202
S68.25,1094 BLYTHE WAY,The Village of Summerhill,Sumter,Austin,299900,2,2,1142,"1 Car, plus Golf Car Garage",,28.94070846,-82.01273856,A,P,tNrEHA36mO0,251012
S632.31,3490 CAMBRIA CIR,The Village of Summerhill,Sumter,Colony,289900,2,2,1156,"1 Car, plus Golf Car Garage",,28.93233028,-82.01471568,A,P,,250819
S91.18,1420 STRATON WAY,The Village of Sunset Pointe,Sumter,Juniper,575000,3,2,2174,2 Car Garage,,28.896785,-81.98766718,A,P,SVF_N3ACgSE,250889
S92.162,1588 BELTON PL,The Village of Sunset Pointe,Sumter,Lantana,549900,3,2,2021,2 Car Garage,,28.89814788,-81.99129175,A,P,,251218
S155.43,2485 ANSLEY PATH,The Village of Tamarind Grove,Sumter,Seabreeze,392500,3,2,1542,2 Car Garage,,28.8733357,-82.01011828,A,P,,251045
S156.15,2111 ODESSA CIR,The Village of Tamarind Grove,Sumter,Ivy,1049000,4,2,2517,"2 Car, plus Golf Car Garage",,28.87990185,-82.00456242,A,P,Ug7p55rqN5w,251211
S159.79,2392 HOOK HOLLOW TER,The Village of Tamarind Grove,Sumter,Sandcastle,329900,3,2,1276,"1 Car, plus Golf Car Garage",,28.87453649,-82.01413282,A,P,,250184
S159.139,2444 DIVIDING CREEK PATH,The Village of Tamarind Grove,Sumter,The Hammock,410000,3,2,1611,"2 Car, plus Golf Car Garage",,28.87391602,-82.01519919,A,P,,251034
S160.162,2319 GRENADIER WAY,The Village of Tamarind Grove,Sumter,Jasmine,429900,3,2,1585,2 Car Garage,,28.87718714,-82.012127,A,P,,251105
S106.43,1068 SAYLE ST,The Village of Virginia Trace,Sumter,Gardenia,775000,3,2,2251,2 Car Garage,,28.90329014,-81.97691582,A,P,,250605
S106.76,1433 FOREST ACRES DR,The Village of Virginia Trace,Sumter,Gardenia,499900,3,2,1927,2 Car Garage,,28.90093656,-81.97320156,A,P,,249777
S107.39,1405 INMAN MILLS RD,The Village of Virginia Trace,Sumter,Modified Designer,999000,3,2,2500,"2 Car, plus Golf Car Garage",,28.89919686,-81.97663843,A,P,,251243
S107.124,1093 NICHOLS TER,The Village of Virginia Trace,Sumter,Gardenia,499900,3,2,1927,2 Car Garage,,28.89800898,-81.977591,A,P,,251110
S108.38,939 CHAPPELLS DR,The Village of Virginia Trace,Sumter,Gardenia,460000,3,2,1927,2 Car Garage,,28.90324029,-81.97348167,A,P,,249683
S109.23,1351 ELKO CT,The Village of Virginia Trace,Sumter,Jasmine,424900,3,2,1535,2 Car Garage,,28.90058648,-81.97036279,A,P,5CLa9z19hL0,251222
S232V.12,7532 SHAWN SCOTT RUN,The Village of Waters Edge,Sumter,Warbler-C,1199000,4,3,2762,"2 Car, plus Golf Car Garage",,28.74949394,-81.98429004,A,P,wlvRdoaqFYM,251099
S232V.41,7489 SHAWN SCOTT RUN,The Village of Waters Edge,Sumter,Oriole-C,499190,3,3,1875,"2 Car, plus Golf Car Garage",,28.75087149,-81.98467208,A,P,,250554
S232V.67,7533 SHAWN SCOTT RUN,The Village of Waters Edge,Sumter,Whispering Pine-F,439711,3,2,1718,2 Car Garage,,28.7496915,-81.98392866,A,P,,251221
S236V.26,7477 SAVANNA DR,The Village of Waters Edge,Sumter,Paradise Found,339000,2,2,1134,"1 Car, plus Golf Car Garage",,28.75129508,-81.98251836,A,P,,250870
S237V.31,1220 LONGENECKER LOOP,The Village of Waters Edge,Sumter,Tall Pine-F,449000,3,2,1459,"2 Car, plus Golf Car Garage",,28.75283872,-81.98031401,A,P,bMWYcxpA1Zk,251163
S237V.68,7414 SHAWN SCOTT RUN,The Village of Waters Edge,Sumter,St. Charles,1999000,3,3,3038,3 Car Garage,,28.75365444,-81.98347329,A,P,466-8pRhwhA,250316
S237V.115,1185 LONGENECKER LOOP,The Village of Waters Edge,Sumter,Oriole-C,529000,3,3,1875,"2 Car, plus Golf Car Garage",,28.75328569,-81.97983387,A,P,,250419
S242V.16,7230 CHERYL COOPER TRL,The Village of Waters Edge,Sumter,Osprey-C,985000,3,2.5,2226,"2 Car, plus Golf Car Garage",Swimming Pool,28.75795229,-81.98609108,A,P,0-7V1YSfjVo,251255
S245V.30,7185 WILKINS RUN,The Village of Waters Edge,Sumter,Eagle,558900,3,2,1675,"2 Car, plus Golf Car Garage",,28.75804257,-81.98322074,A,P,,250198
S235V.22,7463 TIETJEN LN,The Village of Waters Edge,Sumter,Moonstone,305000,2,2,1310,"1 Car, plus Golf Car Garage",,28.75169397,-81.98027263,A,P,,250862
S244V.30,1375 CROCKTON PL,The Village of Waters Edge,Sumter,Hillsdale,649000,3,3,1924,"2 Car, plus Golf Car Garage",,28.75562617,-81.98508578,A,P,,251067
S244V.50,7332 GERVASI DR,The Village of Waters Edge,Sumter,Isabella,534900,3,3,2031,"2 Car, plus Golf Car Garage",,28.75494701,-81.98485041,A,P,ZfldA_jCGyU,250557
S144V.50,6237 HANNAN LOOP,The Village of Well Point,Sumter,Sunflower,478000,3,2,1966,"2 Car, plus Golf Car Garage",,28.78345894,-81.9996994,A,P,,250620
S146V.100,1872 LYNN KEANE LOOP,The Village of Well Point,Sumter,Cormorant,539900,3,2,1961,"2 Car, plus Golf Car Garage",,28.78383656,-81.99775983,A,P,,249925
S149V.71,1647 ROOSA RUN,The Village of Well Point,Sumter,Crawford,799900,3,2,2065,3 Car Garage,,28.78369215,-81.99273029,A,P,rfF1IbjHoIc,250648
S184V.36,1937 PANLILIO LOOP,The Village of Well Point,Sumter,Mockingbird-C,575000,3,2,1959,"2 Car, plus Golf Car Garage",,28.78171244,-82.00078942,A,P,WvVl-AEkaL8,250461
S177V.17,6260 ZACH CT,The Village of Well Point,Sumter,Raleigh,499000,3,2,1497,2 Car Garage,,28.78117849,-81.99196149,A,P,,251084
S183V.55,2011 PERISH PL,The Village of Well Point,Sumter,Serenity,530000,2,2,1507,"2 Car, plus Golf Car Garage",,28.78097486,-82.00308422,A,P,,251162
S175V.19,6356 DON EILEEN TER,The Village of Well Point,Sumter,Jackson,900000,3,2,2335,"2 Car, plus Golf Car Garage",,28.77890657,-81.99617749,A,P,rvVYmfIhbZ4,251030
S175V.31,6336 CARNES PL,The Village of Well Point,Sumter,Mason,649500,4,3,2267,"2 Car, plus Golf Car Garage",,28.77930177,-81.99547086,A,P,,251239
S70.287,628 SHALIMAR ST,The Village of Winifred,Sumter,Bougainvillea,359900,3,2,1416,2 Car Garage,,28.91819998,-81.99652062,A,P,,249324
S71.197,756 PINE HILLS PL,The Village of Winifred,Sumter,Camellia,412000,3,2,1960,"2 Car, plus Golf Car Garage",,28.91515797,-81.99583998,A,P,,250911
M52.44,9525 SE 171ST ARGYLL ST,The Village of Woodbury,Marion,Austin,284900,2,2,1148,"1 Car, plus Golf Car Garage",,28.97529696,-81.99551545,A,P,,250850
S603.132,1705 EL NINO ST,The Village Alhambra,Sumter,Colony,310000,2,2,1121,"1 Car, plus Golf Car Garage",,28.95540684,-81.99216565,A,P,,251313
S601.38,1613 NAVIDAD ST,The Village Alhambra,Sumter,Colony,310000,2,2,1121,"1 Car, plus Golf Car Garage",,28.95371062,-81.98800002,A,P,,251317
S24.8,2626 PRIVADA DR,The Village Alhambra,Sumter,Durango,459900,2,2,1213,2 Car Garage,Swimming Pool,28.95397523,-81.99217044,A,P,,250708
S31.180,2735 PRIVADA DR,The Village Alhambra,Sumter,Stetson III,325000,3,2,1527,2 Car Garage,,28.95427754,-81.9974991,A,P,7apEkVYb5e8,250248
L81.26,1126 BERNARDO BLVD,The Village Del Mar,Lake,Baja,349900,2,2,1156,"1 Car, plus Golf Car Garage",,28.9360498,-81.95069663,A,P,,251240
L16.5248,737 AGUA WAY,The Village El Cortez,Lake,Cedar Key,330000,2,2,1248,2 Car Garage,,28.93254361,-81.94334447,A,P,,250891
L16.5297,843 CORTEZ AVE,The Village El Cortez,Lake,Site Built,324900,2,2,1352,,,28.93359508,-81.94680555,A,P,,250592
S9.49,1162 SAN JUAN DR,The Village Hacienda,Sumter,Sedona III,435000,3,2,1458,2 Car Garage,,28.94342447,-81.95733999,A,P,HRW6364OhEc,250267
S9.183,1514 CERVANTES PL,The Village Hacienda,Sumter,Rancho Mirage,615000,3,2,2308,2 Car Garage,,28.94576341,-81.96123724,A,P,,250690
S844.20,1238 CADIZ TER,The Village Hacienda,Sumter,Arlington,674900,3,2,1664,2 Car Garage,Swimming Pool,28.94440627,-81.96308244,A,P,,249721
L22.6066,918 VENTURA DR,The Village La Reynalda,Lake,Catalina III,369500,3,2,1812,"2 Car, plus Golf Car Garage",,28.92531612,-81.94386163,A,P,,249396
L17.5432,1117 SAN REMO LN,The Village Mira Mesa,Lake,Corpus Christi,259900,2,2,1383,2 Car Garage,,28.92878488,-81.94976682,A,P,hzf5DL6_4MI,250568
S12.10,1810 PALO ALTO AVE,The Village Palo Alto,Sumter,Austin,289727,2,2,1076,"1 Car, plus Golf Car Garage",,28.93784312,-81.96898951,A,P,,250726
S13.4,1934 PALO ALTO AVE,The Village Palo Alto,Sumter,Belmont,595000,3,2,2066,2 Car Garage,,28.93763163,-81.9720815,A,P,HD359YOrp64,251167
S698.61,1811 MARQUEZ LOOP,The Village Palo Alto,Sumter,Mazatlan,319000,2,2,1214,"1 Car, plus Golf Car Garage",,28.93544021,-81.96958836,A,P,,251190
S687.96,241 MONTOYA DR,The Village Rio Ponderosa,Sumter,Colony,245000,2,2,1103,"1 Car, plus Golf Car Garage",,28.92191654,-81.96210975,A,P,,251101
S4.55,228 JUAREZ WAY,The Village Rio Ponderosa,Sumter,Waco,269000,2,2,1066,,,28.92046373,-81.95666607,A,P,,251043
S693.32,715 DUMAS ST,The Village Rio Ranchero,Sumter,Colony,269900,2,2,1103,"1 Car, plus Golf Car Garage",,28.93342787,-81.96068719,A,P,,251263
S10.10,1519 YUCATAN WAY,The Village Rio Ranchero,Sumter,Amarillo,318000,3,2,1392,2 Car Garage,,28.93353228,-81.96311297,A,P,,251185
S10.52,1509 REDONDO WAY,The Village Rio Ranchero,Sumter,Durango,299900,2,2,1213,2 Car Garage,,28.93183874,-81.96175942,A,P,,251059
S28.148,1232 BALLESTEROS DR,The Village Santiago,Sumter,Stetson III,329621,3,2,1392,2 Car Garage,,28.94609368,-81.99600196,A,P,,251155
S29.35,2417 TAMARINDO DR,The Village Santiago,Sumter,Annandale,475000,3,2,1540,2 Car Garage,,28.95006568,-81.98545888,A,P,,250314
S606.33,1102 LIENDO LN,The Village Santiago,Sumter,San Lucas,349900,2,2,1146,"1 Car, plus Golf Car Garage",,28.9420383,-81.99863343,A,P,s16RcpXZVMg,250260
S606.47,1130 SANTA CRUZ DR,The Village Santiago,Sumter,Las Brisas,264800,2,2,1079,"1 Car, plus Golf Car Garage",,28.94296588,-81.99976047,A,P,,250470
S606.66,1221 SANTA CRUZ DR,The Village Santiago,Sumter,San Lucas,325000,2,2,1174,"1 Car, plus Golf Car Garage",,28.94510735,-81.9996752,A,P,,250980
S605.79,2801 SALAMANCA ST,The Village Santiago,Sumter,Colony,269000,2,2,1156,"1 Car, plus Golf Car Garage",,28.94354315,-81.99615634,A,P,,250414
S19.75,2022 CRISTO RD,The Village Santo Domingo,Sumter,Maverick III,320316,3,2,1345,"1 Car, plus Golf Car Garage",,28.94507195,-81.97644009,A,P,,251036
S19.81,2001 CRISTO RD,The Village Santo Domingo,Sumter,Maverick,285000,2,2,1075,"1 Car, plus Golf Car Garage",,28.94609563,-81.97463781,A,P,,250350
S19.100,2014 CORDERO CT,The Village Santo Domingo,Sumter,Austin,289000,2,2,1148,"1 Car, plus Golf Car Garage",,28.94588764,-81.97595442,A,P,,250489
S23.119,2002 SANTO DOMINGO DR,The Village Santo Domingo,Sumter,Vera Cruz,574900,2,2,2020,2 Car Garage,Swimming Pool,28.95094595,-81.97561139,A,P,,251225
S23.180,1511 AQUINO LN,The Village Santo Domingo,Sumter,Sedona III,325000,3,2,1437,2 Car Garage,,28.95152825,-81.98113985,A,P,,249809
S25.67,1728 ENRIQUE DR,The Village Santo Domingo,Sumter,Custom Premier,659000,3,2,2138,2 Car Garage,Swimming Pool,28.95058416,-81.96727431,A,P,,251065
S25.100,1504 BARRERA CT,The Village Santo Domingo,Sumter,Catalina III,330000,3,2,1527,2 Car Garage,,28.95124713,-81.97130839,A,P,,251073
S26.91,1913 AUGUSTINE DR,The Village Santo Domingo,Sumter,Saratoga III,339900,3,2,1451,2 Car Garage,,28.94814556,-81.97189726,A,P,,250122
S17.77,1803 SANTANA WAY,The Village Tierra del Sol,Sumter,Rancho Mirage,725000,3,2,2117,2 Car Garage,Swimming Pool,28.92505402,-81.96958206,A,P,FiFJLdYg97g,250977
